Timestamp,Variable,Raw_Value,Norm_Value_min-max
2023-01-31,job_search_找工作,1214,0.0
2023-02-28,job_search_找工作,1396,15.31986531986532
2023-03-31,job_search_找工作,2309,92.17171717171718
2023-04-30,job_search_找工作,1390,14.814814814814813
2023-05-31,job_search_找工作,1679,39.141414141414145
2023-06-30,job_search_找工作,2224,85.01683501683502
2023-07-31,job_search_找工作,2207,83.58585858585859
2023-08-31,job_search_找工作,1850,53.535353535353536
2023-09-30,job_search_找工作,1775,47.22222222222222
2023-10-31,job_search_找工作,1426,17.845117845117844
2023-11-30,job_search_找工作,1636,35.52188552188552
2023-12-31,job_search_找工作,1770,46.801346801346796
2024-01-31,job_search_找工作,1823,51.26262626262626
2024-02-29,job_search_找工作,1533,26.851851851851855
2024-03-31,job_search_找工作,2343,95.03367003367003
2024-04-30,job_search_找工作,1789,48.4006734006734
2024-05-31,job_search_找工作,1748,44.94949494949495
2024-06-30,job_search_找工作,2402,100.0
2024-07-31,job_search_找工作,2213,84.0909090909091
2024-08-31,job_search_找工作,1807,49.91582491582491
2024-09-30,job_search_找工作,1811,50.252525252525245
2024-10-31,job_search_找工作,1864,54.71380471380471
2024-11-30,job_search_找工作,1796,48.98989898989899
2024-12-31,job_search_找工作,1572,30.134680134680135
2023-01-31,job_search_招聘,3973,4.262177650429799
2023-02-28,job_search_招聘,4372,18.553008595988537
2023-03-31,job_search_招聘,5736,67.40687679083095
2023-04-30,job_search_招聘,4469,22.027220630372494
2023-05-31,job_search_招聘,4223,13.216332378223496
2023-06-30,job_search_招聘,5868,72.134670487106
2023-07-31,job_search_招聘,6362,89.82808022922636
2023-08-31,job_search_招聘,4268,14.828080229226362
2023-09-30,job_search_招聘,3964,3.9398280802292263
2023-10-31,job_search_招聘,3854,0.0
2023-11-30,job_search_招聘,4421,20.308022922636106
2023-12-31,job_search_招聘,4043,6.769340974212035
2024-01-31,job_search_招聘,4772,32.87965616045845
2024-02-29,job_search_招聘,4617,27.32808022922636
2024-03-31,job_search_招聘,6032,78.00859598853869
2024-04-30,job_search_招聘,4310,16.332378223495702
2024-05-31,job_search_招聘,4580,26.002865329512893
2024-06-30,job_search_招聘,6503,94.878223495702
2024-07-31,job_search_招聘,6646,100.0
2024-08-31,job_search_招聘,4232,13.53868194842407
2024-09-30,job_search_招聘,5520,59.67048710601719
2024-10-31,job_search_招聘,4525,24.03295128939828
2024-11-30,job_search_招聘,4342,17.478510028653297
2024-12-31,job_search_招聘,5484,58.3810888252149
2023-01-31,job_search_求职,4011,18.25830879259571
2023-02-28,job_search_求职,3968,16.449305847707194
2023-03-31,job_search_求职,4973,58.72949095498527
2023-04-30,job_search_求职,3666,3.7442153975599495
2023-05-31,job_search_求职,4012,18.300378628523347
2023-06-30,job_search_求职,5155,66.38620109381573
2023-07-31,job_search_求职,4757,49.642406394615065
2023-08-31,job_search_求职,3847,11.358855700462769
2023-09-30,job_search_求职,3577,0.0
2023-10-31,job_search_求职,3823,10.349179638199411
2023-11-30,job_search_求职,3960,16.112747160286077
2023-12-31,job_search_求职,3993,17.50105174589819
2024-01-31,job_search_求职,3836,10.896087505258729
2024-02-29,job_search_求职,4790,51.03071098022718
2024-03-31,job_search_求职,5551,83.04585612116114
2024-04-30,job_search_求职,4105,22.212873369793858
2024-05-31,job_search_求职,3641,2.6924694993689524
2024-06-30,job_search_求职,5954,100.0
2024-07-31,job_search_求职,5398,76.60917122423223
2024-08-31,job_search_求职,4800,51.45140933950357
2024-09-30,job_search_求职,4543,40.639461506100126
2024-10-31,job_search_求职,4217,26.924694993689524
2024-11-30,job_search_求职,4383,33.90828775767775
2024-12-31,job_search_求职,3626,2.0614219604543544
2023-01-31,job_search_招聘信息,3763,0.0
2023-02-28,job_search_招聘信息,4579,25.37313432835821
2023-03-31,job_search_招聘信息,5593,56.90298507462687
2023-04-30,job_search_招聘信息,5176,43.9365671641791
2023-05-31,job_search_招聘信息,4015,7.835820895522389
2023-06-30,job_search_招聘信息,6141,73.94278606965175
2023-07-31,job_search_招聘信息,6459,83.83084577114428
2023-08-31,job_search_招聘信息,4315,17.16417910447761
2023-09-30,job_search_招聘信息,4263,15.547263681592039
2023-10-31,job_search_招聘信息,4844,33.613184079601986
2023-11-30,job_search_招聘信息,4086,10.043532338308458
2023-12-31,job_search_招聘信息,5266,46.73507462686567
2024-01-31,job_search_招聘信息,4280,16.07587064676617
2024-02-29,job_search_招聘信息,4335,17.786069651741293
2024-03-31,job_search_招聘信息,6617,88.74378109452736
2024-04-30,job_search_招聘信息,3991,7.08955223880597
2024-05-31,job_search_招聘信息,4993,38.24626865671642
2024-06-30,job_search_招聘信息,6475,84.32835820895522
2024-07-31,job_search_招聘信息,6979,100.0
2024-08-31,job_search_招聘信息,5068,40.57835820895522
2024-09-30,job_search_招聘信息,5548,55.50373134328358
2024-10-31,job_search_招聘信息,4796,32.12064676616915
2024-11-30,job_search_招聘信息,5579,56.46766169154229
2024-12-31,job_search_招聘信息,5267,46.766169154228855
2023-01-31,job_search_校招,3652,10.25540275049116
2023-02-28,job_search_校招,3643,9.901768172888016
2023-03-31,job_search_校招,5440,80.51080550098231
2023-04-30,job_search_校招,3391,0.0
2023-05-31,job_search_校招,3767,14.774066797642435
2023-06-30,job_search_校招,5164,69.66601178781924
2023-07-31,job_search_校招,5936,100.0
2023-08-31,job_search_校招,3913,20.51080550098232
2023-09-30,job_search_校招,3999,23.889980353634577
2023-10-31,job_search_校招,3840,17.642436149312378
2023-11-30,job_search_校招,3824,17.01375245579568
2023-12-31,job_search_校招,4100,27.858546168958743
2024-01-31,job_search_校招,4271,34.577603143418465
2024-02-29,job_search_校招,3931,21.218074656188605
2024-03-31,job_search_校招,5309,75.36345776031435
2024-04-30,job_search_校招,3906,20.23575638506876
2024-05-31,job_search_校招,4940,60.86444007858546
2024-06-30,job_search_校招,5230,72.25933202357564
2024-07-31,job_search_校招,5403,79.05697445972496
2024-08-31,job_search_校招,3802,16.149312377210215
2024-09-30,job_search_校招,4562,46.011787819253435
2024-10-31,job_search_校招,4873,58.23182711198428
2024-11-30,job_search_校招,4318,36.424361493123776
2024-12-31,job_search_校招,5108,67.4656188605108
2023-01-31,job_search_春招,4009,0.0
2023-02-28,job_search_春招,4343,9.760374050263005
2023-03-31,job_search_春招,5328,38.54471069549971
2023-04-30,job_search_春招,4217,6.078316773816481
2023-05-31,job_search_春招,4925,26.767971946230272
2023-06-30,job_search_春招,6074,60.3448275862069
2023-07-31,job_search_春招,6664,77.58620689655173
2023-08-31,job_search_春招,5650,47.95441262419637
2023-09-30,job_search_春招,4542,15.575686732904733
2023-10-31,job_search_春招,4970,28.082992402104033
2023-11-30,job_search_春招,4170,4.704850964348335
2023-12-31,job_search_春招,5320,38.31092928112215
2024-01-31,job_search_春招,5357,39.39216832261835
2024-02-29,job_search_春招,4684,19.72530683810637
2024-03-31,job_search_春招,6374,69.11163062536528
2024-04-30,job_search_春招,4859,24.83927527761543
2024-05-31,job_search_春招,4535,15.371127995324372
2024-06-30,job_search_春招,7165,92.22676797194623
2024-07-31,job_search_春招,7431,100.0
2024-08-31,job_search_春招,5264,36.67445938047925
2024-09-30,job_search_春招,4441,12.624196376388078
2024-10-31,job_search_春招,6002,58.24079485680889
2024-11-30,job_search_春招,5542,44.79836353009936
2024-12-31,job_search_春招,5470,42.694330800701344
2023-01-31,job_search_秋招,2588,0.0
2023-02-28,job_search_秋招,2821,10.286975717439294
2023-03-31,job_search_秋招,3924,58.98454746136865
2023-04-30,job_search_秋招,3145,24.591611479028696
2023-05-31,job_search_秋招,2743,6.843267108167771
2023-06-30,job_search_秋招,3930,59.249448123620304
2023-07-31,job_search_秋招,4853,100.0
2023-08-31,job_search_秋招,3007,18.49889624724062
2023-09-30,job_search_秋招,3039,19.911699779249446
2023-10-31,job_search_秋招,3494,40.0
2023-11-30,job_search_秋招,2965,16.64459161147903
2023-12-31,job_search_秋招,3637,46.31346578366446
2024-01-31,job_search_秋招,3095,22.3841059602649
2024-02-29,job_search_秋招,3893,57.615894039735096
2024-03-31,job_search_秋招,4517,85.1655629139073
2024-04-30,job_search_秋招,3519,41.1037527593819
2024-05-31,job_search_秋招,3954,60.309050772626925
2024-06-30,job_search_秋招,4564,87.24061810154525
2024-07-31,job_search_秋招,4384,79.29359823399558
2024-08-31,job_search_秋招,3635,46.22516556291391
2024-09-30,job_search_秋招,3725,50.198675496688736
2024-10-31,job_search_秋招,3159,25.20971302428256
2024-11-30,job_search_秋招,3714,49.71302428256071
2024-12-31,job_search_秋招,3246,29.050772626931565
2023-01-31,job_search_面试,3590,5.571128241065171
2023-02-28,job_search_面试,3431,0.0
2023-03-31,job_search_面试,5654,77.89067974772249
2023-04-30,job_search_面试,4255,28.87175893482831
2023-05-31,job_search_面试,4185,26.419060967063768
2023-06-30,job_search_面试,6032,91.13524877365101
2023-07-31,job_search_面试,6086,93.02733006306939
2023-08-31,job_search_面试,4705,44.639103013314646
2023-09-30,job_search_面试,4553,39.313244569025926
2023-10-31,job_search_面试,3635,7.147862648913805
2023-11-30,job_search_面试,4040,21.338472319551506
2023-12-31,job_search_面试,4256,28.90679747722495
2024-01-31,job_search_面试,5111,58.864751226348986
2024-02-29,job_search_面试,4138,24.772249474421866
2024-03-31,job_search_面试,5912,86.93062368605466
2024-04-30,job_search_面试,4394,33.74211632796076
2024-05-31,job_search_面试,4797,47.86264891380518
2024-06-30,job_search_面试,6013,90.46951646811493
2024-07-31,job_search_面试,6285,100.0
2024-08-31,job_search_面试,4071,22.42466713384723
2024-09-30,job_search_面试,4693,44.21864050455501
2024-10-31,job_search_面试,5156,60.44148563419762
2024-11-30,job_search_面试,4951,53.258584442887184
2024-12-31,job_search_面试,4669,43.377715487035736
2023-01-31,job_search_简历,4203,23.60497792051385
2023-02-28,job_search_简历,4164,22.039341629867522
2023-03-31,job_search_简历,5246,65.47571256523484
2023-04-30,job_search_简历,4523,36.451224407868324
2023-05-31,job_search_简历,4383,30.830991569650745
2023-06-30,job_search_简历,5985,95.14251304696909
2023-07-31,job_search_简历,5739,85.26696105981534
2023-08-31,job_search_简历,3615,0.0
2023-09-30,job_search_简历,4602,39.62264150943396
2023-10-31,job_search_简历,4704,43.7173825772782
2023-11-30,job_search_简历,3988,14.97390606182256
2023-12-31,job_search_简历,4201,23.524688879967883
2024-01-31,job_search_简历,4441,33.15937374548374
2024-02-29,job_search_简历,4387,30.991569650742672
2024-03-31,job_search_简历,6046,97.59132878362104
2024-04-30,job_search_简历,4299,27.45885186672019
2024-05-31,job_search_简历,4706,43.79767161782417
2024-06-30,job_search_简历,6106,100.0
2024-07-31,job_search_简历,6053,97.87234042553192
2024-08-31,job_search_简历,4787,47.049377759935766
2024-09-30,job_search_简历,4211,23.92613408269771
2024-10-31,job_search_简历,5042,57.28623042954637
2024-11-30,job_search_简历,4668,42.27217984745082
2024-12-31,job_search_简历,4800,47.57125652348454
2023-01-31,emp_difficulty_就业难,1655,7.687028140013727
2023-02-28,emp_difficulty_就业难,1608,4.461221688400824
2023-03-31,emp_difficulty_就业难,2340,54.70144131777626
2023-04-30,emp_difficulty_就业难,1543,0.0
2023-05-31,emp_difficulty_就业难,1760,14.893617021276595
2023-06-30,emp_difficulty_就业难,2470,63.6238846945779
2023-07-31,emp_difficulty_就业难,2504,65.95744680851064
2023-08-31,emp_difficulty_就业难,1900,24.502402196293755
2023-09-30,emp_difficulty_就业难,1584,2.8140013726835966
2023-10-31,emp_difficulty_就业难,1981,30.061770761839394
2023-11-30,emp_difficulty_就业难,2013,32.25806451612903
2023-12-31,emp_difficulty_就业难,1897,24.296499656829102
2024-01-31,emp_difficulty_就业难,2043,34.317089910775564
2024-02-29,emp_difficulty_就业难,1944,27.522306108442002
2024-03-31,emp_difficulty_就业难,3000,100.0
2024-04-30,emp_difficulty_就业难,2178,43.582704186684964
2024-05-31,emp_difficulty_就业难,2148,41.52367879203844
2024-06-30,emp_difficulty_就业难,2487,64.79066575154427
2024-07-31,emp_difficulty_就业难,2745,82.49828414550447
2024-08-31,emp_difficulty_就业难,2176,43.44543582704187
2024-09-30,emp_difficulty_就业难,2236,47.563486616334934
2024-10-31,emp_difficulty_就业难,2074,36.44474948524365
2024-11-30,emp_difficulty_就业难,2455,62.594371997254626
2024-12-31,emp_difficulty_就业难,2198,44.95538778311599
2023-01-31,emp_difficulty_找工作难,1933,17.848101265822784
2023-02-28,emp_difficulty_找工作难,1755,6.582278481012659
2023-03-31,emp_difficulty_找工作难,2731,68.35443037974683
2023-04-30,emp_difficulty_找工作难,1963,19.746835443037973
2023-05-31,emp_difficulty_找工作难,1651,0.0
2023-06-30,emp_difficulty_找工作难,2896,78.79746835443038
2023-07-31,emp_difficulty_找工作难,2621,61.39240506329114
2023-08-31,emp_difficulty_找工作难,2021,23.417721518987342
2023-09-30,emp_difficulty_找工作难,2176,33.22784810126582
2023-10-31,emp_difficulty_找工作难,1692,2.5949367088607596
2023-11-30,emp_difficulty_找工作难,2073,26.708860759493668
2023-12-31,emp_difficulty_找工作难,2150,31.58227848101266
2024-01-31,emp_difficulty_找工作难,2064,26.139240506329113
2024-02-29,emp_difficulty_找工作难,2215,35.69620253164557
2024-03-31,emp_difficulty_找工作难,3113,92.53164556962025
2024-04-30,emp_difficulty_找工作难,2247,37.721518987341774
2024-05-31,emp_difficulty_找工作难,2413,48.22784810126583
2024-06-30,emp_difficulty_找工作难,2865,76.83544303797468
2024-07-31,emp_difficulty_找工作难,3231,100.0
2024-08-31,emp_difficulty_找工作难,2265,38.86075949367089
2024-09-30,emp_difficulty_找工作难,2150,31.58227848101266
2024-10-31,emp_difficulty_找工作难,2072,26.645569620253163
2024-11-30,emp_difficulty_找工作难,2182,33.607594936708864
2024-12-31,emp_difficulty_找工作难,2243,37.46835443037975
2023-01-31,emp_difficulty_应届生就业,2132,0.0
2023-02-28,emp_difficulty_应届生就业,2647,28.40595697738555
2023-03-31,emp_difficulty_应届生就业,3680,85.38334252619967
2023-04-30,emp_difficulty_应届生就业,2614,26.585769442912298
2023-05-31,emp_difficulty_应届生就业,2506,20.628792057363484
2023-06-30,emp_difficulty_应届生就业,3938,99.61389961389962
2023-07-31,emp_difficulty_应届生就业,3883,96.58025372311087
2023-08-31,emp_difficulty_应届生就业,2935,44.29123000551572
2023-09-30,emp_difficulty_应届生就业,2583,24.87589630446773
2023-10-31,emp_difficulty_应届生就业,3053,50.79977937120794
2023-11-30,emp_difficulty_应届生就业,2528,21.842250413678986
2023-12-31,emp_difficulty_应届生就业,2890,41.80915609487038
2024-01-31,emp_difficulty_应届生就业,2547,22.890237175951462
2024-02-29,emp_difficulty_应届生就业,3056,50.965250965250966
2024-03-31,emp_difficulty_应届生就业,3674,85.05239933811363
2024-04-30,emp_difficulty_应届生就业,3186,58.135686707115276
2024-05-31,emp_difficulty_应届生就业,2480,19.194704908990623
2024-06-30,emp_difficulty_应届生就业,3647,83.56315499172642
2024-07-31,emp_difficulty_应届生就业,3945,100.0
2024-08-31,emp_difficulty_应届生就业,3026,49.31053502482074
2024-09-30,emp_difficulty_应届生就业,3371,68.33976833976834
2024-10-31,emp_difficulty_应届生就业,3078,52.178709321566465
2024-11-30,emp_difficulty_应届生就业,3225,60.28681742967458
2024-12-31,emp_difficulty_应届生就业,2819,37.89299503585218
2023-01-31,emp_difficulty_应届生找工作,1737,40.19264448336252
2023-02-28,emp_difficulty_应届生找工作,1332,4.728546409807356
2023-03-31,emp_difficulty_应届生找工作,2117,73.4676007005254
2023-04-30,emp_difficulty_应届生找工作,1438,14.010507880910684
2023-05-31,emp_difficulty_应届生找工作,1278,0.0
2023-06-30,emp_difficulty_应届生找工作,2332,92.29422066549913
2023-07-31,emp_difficulty_应届生找工作,2270,86.86514886164623
2023-08-31,emp_difficulty_应届生找工作,1613,29.334500875656744
2023-09-30,emp_difficulty_应届生找工作,1620,29.947460595446586
2023-10-31,emp_difficulty_应届生找工作,1853,50.350262697022764
2023-11-30,emp_difficulty_应届生找工作,1508,20.140105078809107
2023-12-31,emp_difficulty_应届生找工作,1695,36.51488616462347
2024-01-31,emp_difficulty_应届生找工作,1562,24.86865148861646
2024-02-29,emp_difficulty_应届生找工作,1458,15.761821366024517
2024-03-31,emp_difficulty_应届生找工作,2420,100.0
2024-04-30,emp_difficulty_应届生找工作,1843,49.47460595446585
2024-05-31,emp_difficulty_应届生找工作,1656,33.09982486865149
2024-06-30,emp_difficulty_应届生找工作,2229,83.27495621716288
2024-07-31,emp_difficulty_应届生找工作,2224,82.83712784588442
2024-08-31,emp_difficulty_应届生找工作,1759,42.11908931698774
2024-09-30,emp_difficulty_应届生找工作,1713,38.091068301225924
2024-10-31,emp_difficulty_应届生找工作,1771,43.16987740805604
2024-11-30,emp_difficulty_应届生找工作,1861,51.0507880910683
2024-12-31,emp_difficulty_应届生找工作,2037,66.46234676007006
2023-01-31,emp_difficulty_就业形势,1717,25.918225918225918
2023-02-28,emp_difficulty_就业形势,1736,27.234927234927238
2023-03-31,emp_difficulty_就业形势,2786,100.0
2023-04-30,emp_difficulty_就业形势,1653,21.483021483021485
2023-05-31,emp_difficulty_就业形势,1343,0.0
2023-06-30,emp_difficulty_就业形势,2342,69.23076923076923
2023-07-31,emp_difficulty_就业形势,2369,71.10187110187111
2023-08-31,emp_difficulty_就业形势,1862,35.96673596673597
2023-09-30,emp_difficulty_就业形势,1965,43.1046431046431
2023-10-31,emp_difficulty_就业形势,1856,35.550935550935556
2023-11-30,emp_difficulty_就业形势,1492,10.325710325710325
2023-12-31,emp_difficulty_就业形势,1782,30.42273042273042
2024-01-31,emp_difficulty_就业形势,1822,33.194733194733196
2024-02-29,emp_difficulty_就业形势,1649,21.205821205821206
2024-03-31,emp_difficulty_就业形势,2704,94.31739431739432
2024-04-30,emp_difficulty_就业形势,1839,34.37283437283437
2024-05-31,emp_difficulty_就业形势,1769,29.521829521829524
2024-06-30,emp_difficulty_就业形势,2599,87.04088704088704
2024-07-31,emp_difficulty_就业形势,2467,77.89327789327788
2024-08-31,emp_difficulty_就业形势,1980,44.14414414414414
2024-09-30,emp_difficulty_就业形势,2114,53.43035343035343
2024-10-31,emp_difficulty_就业形势,1962,42.89674289674289
2024-11-30,emp_difficulty_就业形势,1831,33.81843381843382
2024-12-31,emp_difficulty_就业形势,1801,31.73943173943174
2023-01-31,emp_difficulty_就业前景,3525,0.0
2023-02-28,emp_difficulty_就业前景,4032,19.905771495877502
2023-03-31,emp_difficulty_就业前景,5941,94.85669414998037
2023-04-30,emp_difficulty_就业前景,3824,11.739301138594426
2023-05-31,emp_difficulty_就业前景,3843,12.48527679623086
2023-06-30,emp_difficulty_就业前景,4841,51.66862976050255
2023-07-31,emp_difficulty_就业前景,5605,81.66470357283077
2023-08-31,emp_difficulty_就业前景,3931,15.940321947389085
2023-09-30,emp_difficulty_就业前景,4008,18.963486454652532
2023-10-31,emp_difficulty_就业前景,4051,20.651747153513938
2023-11-30,emp_difficulty_就业前景,4132,23.831959167648215
2023-12-31,emp_difficulty_就业前景,4180,25.71652925009815
2024-01-31,emp_difficulty_就业前景,4018,19.356105221829605
2024-02-29,emp_difficulty_就业前景,4310,30.82057322340008
2024-03-31,emp_difficulty_就业前景,6072,100.0
2024-04-30,emp_difficulty_就业前景,4274,29.407145661562623
2024-05-31,emp_difficulty_就业前景,5103,61.955241460541814
2024-06-30,emp_difficulty_就业前景,5870,92.06910090302316
2024-07-31,emp_difficulty_就业前景,6051,99.17550058892816
2024-08-31,emp_difficulty_就业前景,3946,16.52925009815469
2024-09-30,emp_difficulty_就业前景,4117,23.243031016882608
2024-10-31,emp_difficulty_就业前景,5165,64.38947781703965
2024-11-30,emp_difficulty_就业前景,4949,55.908912446014924
2024-12-31,emp_difficulty_就业前景,5484,76.91401648998823
2023-01-31,emp_difficulty_行业前景,4860,33.684510250569474
2023-02-28,emp_difficulty_行业前景,3979,8.599088838268793
2023-03-31,emp_difficulty_行业前景,6206,72.01025056947609
2023-04-30,emp_difficulty_行业前景,3946,7.659453302961277
2023-05-31,emp_difficulty_行业前景,4337,18.79271070615034
2023-06-30,emp_difficulty_行业前景,5502,51.96469248291572
2023-07-31,emp_difficulty_行业前景,6252,73.32004555808655
2023-08-31,emp_difficulty_行业前景,4221,15.489749430523919
2023-09-30,emp_difficulty_行业前景,4327,18.507972665148063
2023-10-31,emp_difficulty_行业前景,5027,38.43963553530752
2023-11-30,emp_difficulty_行业前景,3677,0.0
2023-12-31,emp_difficulty_行业前景,4333,18.678815489749432
2024-01-31,emp_difficulty_行业前景,4374,19.84624145785877
2024-02-29,emp_difficulty_行业前景,4980,37.10136674259681
2024-03-31,emp_difficulty_行业前景,7082,96.95330296127563
2024-04-30,emp_difficulty_行业前景,4785,31.548974943052393
2024-05-31,emp_difficulty_行业前景,4714,29.52733485193622
2024-06-30,emp_difficulty_行业前景,7189,100.0
2024-07-31,emp_difficulty_行业前景,6923,92.42596810933941
2024-08-31,emp_difficulty_行业前景,5038,38.752847380410024
2024-09-30,emp_difficulty_行业前景,5569,53.87243735763098
2024-10-31,emp_difficulty_行业前景,5161,42.25512528473804
2024-11-30,emp_difficulty_行业前景,4892,34.59567198177677
2024-12-31,emp_difficulty_行业前景,5739,58.712984054669704
2023-01-31,emp_difficulty_薪资水平,1389,0.0
2023-02-28,emp_difficulty_薪资水平,1729,33.730158730158735
2023-03-31,emp_difficulty_薪资水平,2076,68.15476190476191
2023-04-30,emp_difficulty_薪资水平,1673,28.174603174603174
2023-05-31,emp_difficulty_薪资水平,1505,11.507936507936508
2023-06-30,emp_difficulty_薪资水平,2007,61.30952380952381
2023-07-31,emp_difficulty_薪资水平,2019,62.5
2023-08-31,emp_difficulty_薪资水平,1769,37.698412698412696
2023-09-30,emp_difficulty_薪资水平,1551,16.071428571428573
2023-10-31,emp_difficulty_薪资水平,1645,25.396825396825395
2023-11-30,emp_difficulty_薪资水平,1562,17.16269841269841
2023-12-31,emp_difficulty_薪资水平,1628,23.71031746031746
2024-01-31,emp_difficulty_薪资水平,1617,22.61904761904762
2024-02-29,emp_difficulty_薪资水平,1719,32.73809523809524
2024-03-31,emp_difficulty_薪资水平,2397,100.0
2024-04-30,emp_difficulty_薪资水平,1786,39.38492063492063
2024-05-31,emp_difficulty_薪资水平,1959,56.547619047619044
2024-06-30,emp_difficulty_薪资水平,1930,53.67063492063492
2024-07-31,emp_difficulty_薪资水平,2070,67.55952380952381
2024-08-31,emp_difficulty_薪资水平,1698,30.654761904761905
2024-09-30,emp_difficulty_薪资水平,1640,24.900793650793652
2024-10-31,emp_difficulty_薪资水平,1804,41.17063492063492
2024-11-30,emp_difficulty_薪资水平,1682,29.06746031746032
2024-12-31,emp_difficulty_薪资水平,1821,42.857142857142854
2023-01-31,emp_difficulty_薪资查询,4796,32.09428830462375
2023-02-28,emp_difficulty_薪资查询,3944,6.346328195829557
2023-03-31,emp_difficulty_薪资查询,6488,83.22756119673618
2023-04-30,emp_difficulty_薪资查询,3734,0.0
2023-05-31,emp_difficulty_薪资查询,4506,23.3303112722877
2023-06-30,emp_difficulty_薪资查询,7043,100.0
2023-07-31,emp_difficulty_薪资查询,5516,53.853127833182235
2023-08-31,emp_difficulty_薪资查询,4775,31.4596554850408
2023-09-30,emp_difficulty_薪资查询,4429,21.003324267150198
2023-10-31,emp_difficulty_薪资查询,5379,49.71290420066485
2023-11-30,emp_difficulty_薪资查询,3916,5.500151103052282
2023-12-31,emp_difficulty_薪资查询,4159,12.843759443940767
2024-01-31,emp_difficulty_薪资查询,5821,63.07041402236325
2024-02-29,emp_difficulty_薪资查询,4635,27.228770021154425
2024-03-31,emp_difficulty_薪资查询,6546,84.98035660320339
2024-04-30,emp_difficulty_薪资查询,4729,30.06950740404956
2024-05-31,emp_difficulty_薪资查询,5207,44.51495920217589
2024-06-30,emp_difficulty_薪资查询,6548,85.04079782411604
2024-07-31,emp_difficulty_薪资查询,6652,88.1837413115745
2024-08-31,emp_difficulty_薪资查询,4643,27.470534904805078
2024-09-30,emp_difficulty_薪资查询,5178,43.63856149894228
2024-10-31,emp_difficulty_薪资查询,5335,48.38319734058628
2024-11-30,emp_difficulty_薪资查询,5663,58.29555757026292
2024-12-31,emp_difficulty_薪资查询,5458,52.10033242671502
2023-01-31,emp_difficulty_大学生就业,2603,21.084704448507008
2023-02-28,emp_difficulty_大学生就业,2690,26.386349786715417
2023-03-31,emp_difficulty_大学生就业,3403,69.83546617915904
2023-04-30,emp_difficulty_大学生就业,2844,35.770871419865934
2023-05-31,emp_difficulty_大学生就业,2811,33.75990249847654
2023-06-30,emp_difficulty_大学生就业,3482,74.64960390006094
2023-07-31,emp_difficulty_大学生就业,3898,100.0
2023-08-31,emp_difficulty_大学生就业,2257,0.0
2023-09-30,emp_difficulty_大学生就业,2709,27.544180377818407
2023-10-31,emp_difficulty_大学生就业,2577,19.500304692260816
2023-11-30,emp_difficulty_大学生就业,3115,52.28519195612431
2023-12-31,emp_difficulty_大学生就业,3145,54.11334552102377
2024-01-31,emp_difficulty_大学生就业,2853,36.31931748933577
2024-02-29,emp_difficulty_大学生就业,2857,36.56307129798903
2024-03-31,emp_difficulty_大学生就业,3801,94.08897014015845
2024-04-30,emp_difficulty_大学生就业,2703,27.178549664838513
2024-05-31,emp_difficulty_大学生就业,3010,45.88665447897623
2024-06-30,emp_difficulty_大学生就业,3815,94.94210847044485
2024-07-31,emp_difficulty_大学生就业,3416,70.62766605728214
2024-08-31,emp_difficulty_大学生就业,2956,42.59597806215722
2024-09-30,emp_difficulty_大学生就业,3076,49.90859232175503
2024-10-31,emp_difficulty_大学生就业,2809,33.63802559414991
2024-11-30,emp_difficulty_大学生就业,2874,37.599024984765386
2024-12-31,emp_difficulty_大学生就业,3432,71.60268129189518
2023-01-31,emp_difficulty_毕业生就业,3261,27.86885245901639
2023-02-28,emp_difficulty_毕业生就业,3200,25.368852459016395
2023-03-31,emp_difficulty_毕业生就业,4287,69.91803278688525
2023-04-30,emp_difficulty_毕业生就业,2806,9.221311475409836
2023-05-31,emp_difficulty_毕业生就业,2972,16.024590163934427
2023-06-30,emp_difficulty_毕业生就业,4345,72.29508196721312
2023-07-31,emp_difficulty_毕业生就业,4696,86.68032786885246
2023-08-31,emp_difficulty_毕业生就业,3296,29.303278688524593
2023-09-30,emp_difficulty_毕业生就业,2581,0.0
2023-10-31,emp_difficulty_毕业生就业,2779,8.114754098360656
2023-11-30,emp_difficulty_毕业生就业,3113,21.803278688524593
2023-12-31,emp_difficulty_毕业生就业,3634,43.15573770491803
2024-01-31,emp_difficulty_毕业生就业,2826,10.040983606557377
2024-02-29,emp_difficulty_毕业生就业,3342,31.188524590163937
2024-03-31,emp_difficulty_毕业生就业,4488,78.15573770491804
2024-04-30,emp_difficulty_毕业生就业,3339,31.065573770491806
2024-05-31,emp_difficulty_毕业生就业,3734,47.25409836065574
2024-06-30,emp_difficulty_毕业生就业,5021,100.0
2024-07-31,emp_difficulty_毕业生就业,4749,88.85245901639345
2024-08-31,emp_difficulty_毕业生就业,2982,16.434426229508198
2024-09-30,emp_difficulty_毕业生就业,3837,51.47540983606558
2024-10-31,emp_difficulty_毕业生就业,3928,55.204918032786885
2024-11-30,emp_difficulty_毕业生就业,3344,31.270491803278688
2024-12-31,emp_difficulty_毕业生就业,3365,32.131147540983605
2023-01-31,unemp_pressure_失业,3425,92.97153024911033
2023-02-28,unemp_pressure_失业,2850,41.81494661921708
2023-03-31,unemp_pressure_失业,2533,13.612099644128115
2023-04-30,unemp_pressure_失业,2825,39.59074733096085
2023-05-31,unemp_pressure_失业,2504,11.032028469750891
2023-06-30,unemp_pressure_失业,2694,27.935943060498218
2023-07-31,unemp_pressure_失业,2550,15.12455516014235
2023-08-31,unemp_pressure_失业,2627,21.97508896797153
2023-09-30,unemp_pressure_失业,2380,0.0
2023-10-31,unemp_pressure_失业,2900,46.263345195729535
2023-11-30,unemp_pressure_失业,2574,17.259786476868328
2023-12-31,unemp_pressure_失业,3039,58.629893238434164
2024-01-31,unemp_pressure_失业,3504,100.0
2024-02-29,unemp_pressure_失业,3152,68.68327402135232
2024-03-31,unemp_pressure_失业,2843,41.19217081850534
2024-04-30,unemp_pressure_失业,2739,31.939501779359432
2024-05-31,unemp_pressure_失业,3014,56.405693950177934
2024-06-30,unemp_pressure_失业,2724,30.604982206405694
2024-07-31,unemp_pressure_失业,2510,11.565836298932384
2024-08-31,unemp_pressure_失业,2948,50.5338078291815
2024-09-30,unemp_pressure_失业,2759,33.718861209964416
2024-10-31,unemp_pressure_失业,3084,62.63345195729537
2024-11-30,unemp_pressure_失业,3127,66.45907473309609
2024-12-31,unemp_pressure_失业,3465,96.53024911032028
2023-01-31,unemp_pressure_裁员,4656,78.49321068769164
2023-02-28,unemp_pressure_裁员,2864,0.0
2023-03-31,unemp_pressure_裁员,3348,21.200175208059573
2023-04-30,unemp_pressure_裁员,4338,64.56416995181779
2023-05-31,unemp_pressure_裁员,3659,34.82260183968462
2023-06-30,unemp_pressure_裁员,3438,25.142356548401228
2023-07-31,unemp_pressure_裁员,3654,34.603591765221196
2023-08-31,unemp_pressure_裁员,3207,15.024091108190976
2023-09-30,unemp_pressure_裁员,3582,31.449846692947876
2023-10-31,unemp_pressure_裁员,3438,25.142356548401228
2023-11-30,unemp_pressure_裁员,3597,32.10687691633815
2023-12-31,unemp_pressure_裁员,4953,91.50240911081909
2024-01-31,unemp_pressure_裁员,5141,99.73718791064388
2024-02-29,unemp_pressure_裁员,3466,26.36881296539641
2024-03-31,unemp_pressure_裁员,3353,21.419185282522996
2024-04-30,unemp_pressure_裁员,3994,49.49627682873412
2024-05-31,unemp_pressure_裁员,3988,49.233464739378014
2024-06-30,unemp_pressure_裁员,4106,54.402102496714846
2024-07-31,unemp_pressure_裁员,3574,31.099430573806398
2024-08-31,unemp_pressure_裁员,4230,59.83355234340779
2024-09-30,unemp_pressure_裁员,3804,41.17389399912396
2024-10-31,unemp_pressure_裁员,4335,64.43276390713973
2024-11-30,unemp_pressure_裁员,4237,60.1401664476566
2024-12-31,unemp_pressure_裁员,5147,100.0
2023-01-31,unemp_pressure_裁员潮,2424,45.525629887054734
2023-02-28,unemp_pressure_裁员潮,1908,0.6950477845351868
2023-03-31,unemp_pressure_裁员潮,1908,0.6950477845351868
2023-04-30,unemp_pressure_裁员潮,1996,8.340573414422241
2023-05-31,unemp_pressure_裁员潮,2037,11.902693310165075
2023-06-30,unemp_pressure_裁员潮,2175,23.892267593397047
2023-07-31,unemp_pressure_裁员潮,2145,21.285838401390095
2023-08-31,unemp_pressure_裁员潮,2398,43.26672458731538
2023-09-30,unemp_pressure_裁员潮,1900,0.0
2023-10-31,unemp_pressure_裁员潮,1934,2.9539530842745436
2023-11-30,unemp_pressure_裁员潮,2078,15.464813205907907
2023-12-31,unemp_pressure_裁员潮,2509,52.910512597741096
2024-01-31,unemp_pressure_裁员潮,2357,39.70460469157255
2024-02-29,unemp_pressure_裁员潮,2147,21.459600347523892
2024-03-31,unemp_pressure_裁员潮,2102,17.549956559513465
2024-04-30,unemp_pressure_裁员潮,2415,44.74370112945265
2024-05-31,unemp_pressure_裁员潮,2006,9.209383145091225
2024-06-30,unemp_pressure_裁员潮,2411,44.39617723718506
2024-07-31,unemp_pressure_裁员潮,2544,55.95134665508253
2024-08-31,unemp_pressure_裁员潮,2237,29.278887923544744
2024-09-30,unemp_pressure_裁员潮,2069,14.682884448305822
2024-10-31,unemp_pressure_裁员潮,2434,46.39443961772372
2024-11-30,unemp_pressure_裁员潮,2465,49.087749782797566
2024-12-31,unemp_pressure_裁员潮,3051,100.0
2023-01-31,unemp_pressure_被裁,5191,100.0
2023-02-28,unemp_pressure_被裁,3583,31.806615776081426
2023-03-31,unemp_pressure_被裁,2833,0.0
2023-04-30,unemp_pressure_被裁,4308,62.55301102629347
2023-05-31,unemp_pressure_被裁,3140,13.019508057675996
2023-06-30,unemp_pressure_被裁,4335,63.6980491942324
2023-07-31,unemp_pressure_被裁,3695,36.55640373197625
2023-08-31,unemp_pressure_被裁,3741,38.507209499575914
2023-09-30,unemp_pressure_被裁,3867,43.85072094995759
2023-10-31,unemp_pressure_被裁,3720,37.61662425784563
2023-11-30,unemp_pressure_被裁,4016,50.169635284139105
2023-12-31,unemp_pressure_被裁,4774,82.31552162849873
2024-01-31,unemp_pressure_被裁,4438,68.06615776081425
2024-02-29,unemp_pressure_被裁,4030,50.76335877862596
2024-03-31,unemp_pressure_被裁,4021,50.38167938931297
2024-04-30,unemp_pressure_被裁,3972,48.30364715860899
2024-05-31,unemp_pressure_被裁,4392,66.11535199321459
2024-06-30,unemp_pressure_被裁,4177,56.99745547073791
2024-07-31,unemp_pressure_被裁,4231,59.28753180661578
2024-08-31,unemp_pressure_被裁,4142,55.51314673452078
2024-09-30,unemp_pressure_被裁,3804,41.17896522476675
2024-10-31,unemp_pressure_被裁,3938,46.861747243426635
2024-11-30,unemp_pressure_被裁,4216,58.651399491094146
2024-12-31,unemp_pressure_被裁,5020,92.74809160305344
2023-01-31,unemp_pressure_优化,1320,65.42699724517907
2023-02-28,unemp_pressure_优化,1022,24.380165289256198
2023-03-31,unemp_pressure_优化,1052,28.512396694214875
2023-04-30,unemp_pressure_优化,1076,31.818181818181817
2023-05-31,unemp_pressure_优化,885,5.5096418732782375
2023-06-30,unemp_pressure_优化,1170,44.76584022038568
2023-07-31,unemp_pressure_优化,1152,42.28650137741047
2023-08-31,unemp_pressure_优化,1048,27.96143250688705
2023-09-30,unemp_pressure_优化,845,0.0
2023-10-31,unemp_pressure_优化,1124,38.429752066115704
2023-11-30,unemp_pressure_优化,1183,46.5564738292011
2023-12-31,unemp_pressure_优化,1571,100.0
2024-01-31,unemp_pressure_优化,1420,79.20110192837465
2024-02-29,unemp_pressure_优化,1162,43.66391184573003
2024-03-31,unemp_pressure_优化,1249,55.64738292011019
2024-04-30,unemp_pressure_优化,911,9.090909090909092
2024-05-31,unemp_pressure_优化,954,15.013774104683195
2024-06-30,unemp_pressure_优化,1211,50.413223140495866
2024-07-31,unemp_pressure_优化,1246,55.23415977961432
2024-08-31,unemp_pressure_优化,1057,29.201101928374655
2024-09-30,unemp_pressure_优化,995,20.66115702479339
2024-10-31,unemp_pressure_优化,1335,67.4931129476584
2024-11-30,unemp_pressure_优化,1227,52.61707988980716
2024-12-31,unemp_pressure_优化,1556,97.93388429752066
2023-01-31,unemp_pressure_失业金,4255,56.84695051783659
2023-02-28,unemp_pressure_失业金,3882,35.38550057537399
2023-03-31,unemp_pressure_失业金,3780,29.516685845799767
2023-04-30,unemp_pressure_失业金,3267,0.0
2023-05-31,unemp_pressure_失业金,3782,29.63176064441887
2023-06-30,unemp_pressure_失业金,4360,62.88837744533947
2023-07-31,unemp_pressure_失业金,3555,16.570771001150746
2023-08-31,unemp_pressure_失业金,4019,43.26812428078251
2023-09-30,unemp_pressure_失业金,3608,19.62025316455696
2023-10-31,unemp_pressure_失业金,4048,44.936708860759495
2023-11-30,unemp_pressure_失业金,3512,14.096662830840046
2023-12-31,unemp_pressure_失业金,4692,81.99079401611047
2024-01-31,unemp_pressure_失业金,4973,98.15880322209436
2024-02-29,unemp_pressure_失业金,4288,58.74568469505178
2024-03-31,unemp_pressure_失业金,4348,62.19792865362486
2024-04-30,unemp_pressure_失业金,3784,29.746835443037973
2024-05-31,unemp_pressure_失业金,4277,58.11277330264672
2024-06-30,unemp_pressure_失业金,4250,56.55926352128884
2024-07-31,unemp_pressure_失业金,4569,74.91369390103567
2024-08-31,unemp_pressure_失业金,3901,36.478711162255465
2024-09-30,unemp_pressure_失业金,3853,33.71691599539701
2024-10-31,unemp_pressure_失业金,4548,73.7054085155351
2024-11-30,unemp_pressure_失业金,3741,27.27272727272727
2024-12-31,unemp_pressure_失业金,5005,100.0
2023-01-31,unemp_pressure_失业保险,4827,53.839801816680435
2023-02-28,unemp_pressure_失业保险,3675,6.275805119735756
2023-03-31,unemp_pressure_失业保险,4182,27.208918249380677
2023-04-30,unemp_pressure_失业保险,3554,1.2799339388934765
2023-05-31,unemp_pressure_失业保险,4495,40.13212221304707
2023-06-30,unemp_pressure_失业保险,4123,24.77291494632535
2023-07-31,unemp_pressure_失业保险,3664,5.821635012386457
2023-08-31,unemp_pressure_失业保险,3979,18.827415359207265
2023-09-30,unemp_pressure_失业保险,3911,16.01981833195706
2023-10-31,unemp_pressure_失业保险,3523,0.0
2023-11-30,unemp_pressure_失业保险,3670,6.069364161849711
2023-12-31,unemp_pressure_失业保险,5286,72.79108175061933
2024-01-31,unemp_pressure_失业保险,5237,70.76796036333609
2024-02-29,unemp_pressure_失业保险,4638,46.036333608587945
2024-03-31,unemp_pressure_失业保险,4177,27.002477291494632
2024-04-30,unemp_pressure_失业保险,4292,31.750619322873657
2024-05-31,unemp_pressure_失业保险,4080,22.997522708505365
2024-06-30,unemp_pressure_失业保险,4370,34.971098265895954
2024-07-31,unemp_pressure_失业保险,3988,19.199009083402146
2024-08-31,unemp_pressure_失业保险,4524,41.32947976878613
2024-09-30,unemp_pressure_失业保险,4169,26.67217175887696
2024-10-31,unemp_pressure_失业保险,4600,44.467382328654004
2024-11-30,unemp_pressure_失业保险,4656,46.7795210569777
2024-12-31,unemp_pressure_失业保险,5945,100.0
2023-01-31,unemp_pressure_失业补助,3689,32.382793620106334
2023-02-28,unemp_pressure_失业补助,3717,33.73610439826003
2023-03-31,unemp_pressure_失业补助,3285,12.856452392460124
2023-04-30,unemp_pressure_失业补助,3820,38.71435476075399
2023-05-31,unemp_pressure_失业补助,3306,13.8714354760754
2023-06-30,unemp_pressure_失业补助,3019,0.0
2023-07-31,unemp_pressure_失业补助,3951,45.04591590140164
2023-08-31,unemp_pressure_失业补助,4109,52.68245529241179
2023-09-30,unemp_pressure_失业补助,4049,49.78250362493959
2023-10-31,unemp_pressure_失业补助,4752,83.76027066215563
2023-11-30,unemp_pressure_失业补助,4352,64.42725954567425
2023-12-31,unemp_pressure_失业补助,5088,100.0
2024-01-31,unemp_pressure_失业补助,4899,90.86515224746255
2024-02-29,unemp_pressure_失业补助,3974,46.157564040599325
2024-03-31,unemp_pressure_失业补助,4025,48.6225229579507
2024-04-30,unemp_pressure_失业补助,4414,67.42387626872886
2024-05-31,unemp_pressure_失业补助,4122,53.310778153697434
2024-06-30,unemp_pressure_失业补助,4405,66.98888351860802
2024-07-31,unemp_pressure_失业补助,4498,71.48380860318994
2024-08-31,unemp_pressure_失业补助,4428,68.1005316578057
2024-09-30,unemp_pressure_失业补助,4244,59.20734654422426
2024-10-31,unemp_pressure_失业补助,4596,76.2203963267279
2024-11-30,unemp_pressure_失业补助,4881,89.99516674722088
2024-12-31,unemp_pressure_失业补助,4851,88.54519091348477
2023-01-31,unemp_pressure_失业登记,3777,85.4071661237785
2023-02-28,unemp_pressure_失业登记,3109,41.88925081433224
2023-03-31,unemp_pressure_失业登记,2976,33.22475570032573
2023-04-30,unemp_pressure_失业登记,2499,2.1498371335504887
2023-05-31,unemp_pressure_失业登记,2835,24.039087947882738
2023-06-30,unemp_pressure_失业登记,3185,46.840390879478825
2023-07-31,unemp_pressure_失业登记,2818,22.93159609120521
2023-08-31,unemp_pressure_失业登记,2979,33.420195439739416
2023-09-30,unemp_pressure_失业登记,2517,3.322475570032573
2023-10-31,unemp_pressure_失业登记,2843,24.56026058631922
2023-11-30,unemp_pressure_失业登记,3116,42.34527687296417
2023-12-31,unemp_pressure_失业登记,3942,96.15635179153095
2024-01-31,unemp_pressure_失业登记,3635,76.15635179153094
2024-02-29,unemp_pressure_失业登记,2819,22.996742671009773
2024-03-31,unemp_pressure_失业登记,3316,55.37459283387622
2024-04-30,unemp_pressure_失业登记,2466,0.0
2024-05-31,unemp_pressure_失业登记,3195,47.49185667752443
2024-06-30,unemp_pressure_失业登记,2938,30.749185667752442
2024-07-31,unemp_pressure_失业登记,3410,61.498371335504885
2024-08-31,unemp_pressure_失业登记,3166,45.60260586319218
2024-09-30,unemp_pressure_失业登记,2977,33.2899022801303
2024-10-31,unemp_pressure_失业登记,3060,38.697068403908794
2024-11-30,unemp_pressure_失业登记,3421,62.21498371335505
2024-12-31,unemp_pressure_失业登记,4001,100.0
2023-01-31,unemp_pressure_再就业,5572,100.0
2023-02-28,unemp_pressure_再就业,3425,7.576409814894533
2023-03-31,unemp_pressure_再就业,3249,0.0
2023-04-30,unemp_pressure_再就业,4254,43.26302195436935
2023-05-31,unemp_pressure_再就业,3733,20.835126990959964
2023-06-30,unemp_pressure_再就业,4030,33.620318553594494
2023-07-31,unemp_pressure_再就业,3882,27.249246663796818
2023-08-31,unemp_pressure_再就业,4086,36.0309944037882
2023-09-30,unemp_pressure_再就业,3585,14.464055101162291
2023-10-31,unemp_pressure_再就业,5227,85.14851485148515
2023-11-30,unemp_pressure_再就业,4009,32.71631510977185
2023-12-31,unemp_pressure_再就业,5213,84.54584588893673
2024-01-31,unemp_pressure_再就业,4961,73.697804563065
2024-02-29,unemp_pressure_再就业,4266,43.779595350839436
2024-03-31,unemp_pressure_再就业,4440,51.26990959965562
2024-04-30,unemp_pressure_再就业,4419,50.365906155832974
2024-05-31,unemp_pressure_再就业,4253,43.21997417133018
2024-06-30,unemp_pressure_再就业,4037,33.921653034868704
2024-07-31,unemp_pressure_再就业,4564,56.60783469651312
2024-08-31,unemp_pressure_再就业,4326,46.36246233318984
2024-09-30,unemp_pressure_再就业,3956,30.434782608695656
2024-10-31,unemp_pressure_再就业,4157,39.087386999569524
2024-11-30,unemp_pressure_再就业,4353,47.524752475247524
2024-12-31,unemp_pressure_再就业,5512,97.41713301764959
2023-01-31,unemp_pressure_低门槛工作,3772,70.04608294930875
2023-02-28,unemp_pressure_低门槛工作,3040,13.82488479262673
2023-03-31,unemp_pressure_低门槛工作,3605,57.21966205837173
2023-04-30,unemp_pressure_低门槛工作,3657,61.21351766513057
2023-05-31,unemp_pressure_低门槛工作,3284,32.565284178187405
2023-06-30,unemp_pressure_低门槛工作,2974,8.755760368663594
2023-07-31,unemp_pressure_低门槛工作,3427,43.54838709677419
2023-08-31,unemp_pressure_低门槛工作,3164,23.34869431643625
2023-09-30,unemp_pressure_低门槛工作,2889,2.227342549923195
2023-10-31,unemp_pressure_低门槛工作,2860,0.0
2023-11-30,unemp_pressure_低门槛工作,3629,59.06298003072197
2023-12-31,unemp_pressure_低门槛工作,3900,79.87711213517666
2024-01-31,unemp_pressure_低门槛工作,4096,94.93087557603687
2024-02-29,unemp_pressure_低门槛工作,3303,34.024577572964674
2024-03-31,unemp_pressure_低门槛工作,3924,81.72043010752688
2024-04-30,unemp_pressure_低门槛工作,4109,95.92933947772657
2024-05-31,unemp_pressure_低门槛工作,4073,93.16436251920123
2024-06-30,unemp_pressure_低门槛工作,3819,73.65591397849462
2024-07-31,unemp_pressure_低门槛工作,3809,72.88786482334869
2024-08-31,unemp_pressure_低门槛工作,3417,42.78033794162827
2024-09-30,unemp_pressure_低门槛工作,3559,53.686635944700456
2024-10-31,unemp_pressure_低门槛工作,3991,86.8663594470046
2024-11-30,unemp_pressure_低门槛工作,3866,77.2657450076805
2024-12-31,unemp_pressure_低门槛工作,4162,100.0
2023-01-31,unemp_pressure_临时工,3668,45.65217391304348
2023-02-28,unemp_pressure_临时工,3018,12.790697674418606
2023-03-31,unemp_pressure_临时工,3512,37.76541961577351
2023-04-30,unemp_pressure_临时工,2765,0.0
2023-05-31,unemp_pressure_临时工,3392,31.698685540950457
2023-06-30,unemp_pressure_临时工,2780,0.7583417593528816
2023-07-31,unemp_pressure_临时工,3123,18.099089989888775
2023-08-31,unemp_pressure_临时工,3099,16.885743174924166
2023-09-30,unemp_pressure_临时工,3097,16.78463094034378
2023-10-31,unemp_pressure_临时工,3615,42.9726996966633
2023-11-30,unemp_pressure_临时工,3592,41.809908998988874
2023-12-31,unemp_pressure_临时工,4319,78.56420626895854
2024-01-31,unemp_pressure_临时工,4109,67.9474216380182
2024-02-29,unemp_pressure_临时工,2785,1.0111223458038423
2024-03-31,unemp_pressure_临时工,3506,37.46208291203236
2024-04-30,unemp_pressure_临时工,3319,28.00808897876643
2024-05-31,unemp_pressure_临时工,3130,18.452982810920123
2024-06-30,unemp_pressure_临时工,3448,34.52982810920122
2024-07-31,unemp_pressure_临时工,3469,35.591506572295245
2024-08-31,unemp_pressure_临时工,3381,31.14256825075834
2024-09-30,unemp_pressure_临时工,3584,41.405460060667345
2024-10-31,unemp_pressure_临时工,4171,71.0819009100101
2024-11-30,unemp_pressure_临时工,3409,32.55813953488372
2024-12-31,unemp_pressure_临时工,4743,100.0
2023-01-31,unemp_pressure_兼职,4343,85.68088836937463
2023-02-28,unemp_pressure_兼职,3233,20.806545879602574
2023-03-31,unemp_pressure_兼职,3596,42.02220923436587
2023-04-30,unemp_pressure_兼职,3324,26.125073056691996
2023-05-31,unemp_pressure_兼职,3095,12.741087083576854
2023-06-30,unemp_pressure_兼职,3979,64.40677966101694
2023-07-31,unemp_pressure_兼职,3284,23.787258912916425
2023-08-31,unemp_pressure_兼职,2877,0.0
2023-09-30,unemp_pressure_兼职,3328,26.35885447106955
2023-10-31,unemp_pressure_兼职,3788,53.2437171244886
2023-11-30,unemp_pressure_兼职,3023,8.53302162478083
2023-12-31,unemp_pressure_兼职,4584,99.76621858562244
2024-01-31,unemp_pressure_兼职,4452,92.05143191116306
2024-02-29,unemp_pressure_兼职,3401,30.625365283459967
2024-03-31,unemp_pressure_兼职,3057,10.520163646990065
2024-04-30,unemp_pressure_兼职,3592,41.788427819988314
2024-05-31,unemp_pressure_兼职,3699,48.04208065458796
2024-06-30,unemp_pressure_兼职,3503,36.586791350087665
2024-07-31,unemp_pressure_兼职,2885,0.46756282875511396
2024-08-31,unemp_pressure_兼职,3834,55.932203389830505
2024-09-30,unemp_pressure_兼职,3421,31.79427235534775
2024-10-31,unemp_pressure_兼职,4285,82.29105786090007
2024-11-30,unemp_pressure_兼职,3557,39.74284044418469
2024-12-31,unemp_pressure_兼职,4588,100.0
2023-01-31,unemp_pressure_蓝领招聘,6224,76.5721733463669
2023-02-28,unemp_pressure_蓝领招聘,3874,0.0
2023-03-31,unemp_pressure_蓝领招聘,4181,10.003258390355164
2023-04-30,unemp_pressure_蓝领招聘,5147,41.479309221244705
2023-05-31,unemp_pressure_蓝领招聘,4368,16.096448354512873
2023-06-30,unemp_pressure_蓝领招聘,4516,20.918866080156402
2023-07-31,unemp_pressure_蓝领招聘,4655,25.448028673835125
2023-08-31,unemp_pressure_蓝领招聘,4943,34.832192896709024
2023-09-30,unemp_pressure_蓝领招聘,4578,22.939068100358423
2023-10-31,unemp_pressure_蓝领招聘,3883,0.2932551319648094
2023-11-30,unemp_pressure_蓝领招聘,4667,25.83903551645487
2023-12-31,unemp_pressure_蓝领招聘,6213,76.2137504072988
2024-01-31,unemp_pressure_蓝领招聘,4862,32.192896709025746
2024-02-29,unemp_pressure_蓝领招聘,5378,49.00619094167482
2024-03-31,unemp_pressure_蓝领招聘,4778,29.455848810687517
2024-04-30,unemp_pressure_蓝领招聘,4186,10.166177908113392
2024-05-31,unemp_pressure_蓝领招聘,4743,28.31541218637993
2024-06-30,unemp_pressure_蓝领招聘,5738,60.73639622026719
2024-07-31,unemp_pressure_蓝领招聘,5362,48.484848484848484
2024-08-31,unemp_pressure_蓝领招聘,5126,40.79504724666015
2024-09-30,unemp_pressure_蓝领招聘,5048,38.2535027696318
2024-10-31,unemp_pressure_蓝领招聘,4179,9.938090583251874
2024-11-30,unemp_pressure_蓝领招聘,5149,41.544477028348
2024-12-31,unemp_pressure_蓝领招聘,6943,100.0
2023-01-31,struc_pressure_35岁就业,5139,84.52846588439809
2023-02-28,struc_pressure_35岁就业,3389,8.47457627118644
2023-03-31,struc_pressure_35岁就业,3717,22.729248152976965
2023-04-30,struc_pressure_35岁就业,3488,12.777053455019557
2023-05-31,struc_pressure_35岁就业,3438,10.604085180356366
2023-06-30,struc_pressure_35岁就业,3773,25.16297262059974
2023-07-31,struc_pressure_35岁就业,3194,0.0
2023-08-31,struc_pressure_35岁就业,4694,65.1890482398957
2023-09-30,struc_pressure_35岁就业,4509,57.149065623641896
2023-10-31,struc_pressure_35岁就业,4408,52.75966970882225
2023-11-30,struc_pressure_35岁就业,5025,79.57409821816601
2023-12-31,struc_pressure_35岁就业,5495,100.0
2024-01-31,struc_pressure_35岁就业,4388,51.89048239895697
2024-02-29,struc_pressure_35岁就业,4225,44.806605823554975
2024-03-31,struc_pressure_35岁就业,4060,37.635810517166455
2024-04-30,struc_pressure_35岁就业,4794,69.53498478922208
2024-05-31,struc_pressure_35岁就业,4289,47.58800521512386
2024-06-30,struc_pressure_35岁就业,4205,43.9374185136897
2024-07-31,struc_pressure_35岁就业,4344,49.97827031725337
2024-08-31,struc_pressure_35岁就业,4774,68.66579747935681
2024-09-30,struc_pressure_35岁就业,4263,46.458061712299
2024-10-31,struc_pressure_35岁就业,4693,65.14558887440243
2024-11-30,struc_pressure_35岁就业,4997,78.35723598435462
2024-12-31,struc_pressure_35岁就业,5149,84.96305953933071
2023-01-31,struc_pressure_35岁找工作,4420,62.265016047684554
2023-02-28,struc_pressure_35岁找工作,3548,22.283356258596974
2023-03-31,struc_pressure_35岁找工作,3071,0.41265474552957354
2023-04-30,struc_pressure_35岁找工作,3726,30.444750114626316
2023-05-31,struc_pressure_35岁找工作,3062,0.0
2023-06-30,struc_pressure_35岁找工作,3379,14.534617148097203
2023-07-31,struc_pressure_35岁找工作,3187,5.731315910132966
2023-08-31,struc_pressure_35岁找工作,3330,12.287941311325081
2023-09-30,struc_pressure_35岁找工作,3636,26.31820265933058
2023-10-31,struc_pressure_35岁找工作,3931,39.84410820724438
2023-11-30,struc_pressure_35岁找工作,3149,3.988995873452544
2023-12-31,struc_pressure_35岁找工作,4259,54.88308115543329
2024-01-31,struc_pressure_35岁找工作,4613,71.11416781292985
2024-02-29,struc_pressure_35岁找工作,3576,23.56717102246676
2024-03-31,struc_pressure_35岁找工作,3727,30.490600641907385
2024-04-30,struc_pressure_35岁找工作,3424,16.597890875745072
2024-05-31,struc_pressure_35岁找工作,3501,20.128381476386977
2024-06-30,struc_pressure_35岁找工作,3380,14.580467675378268
2024-07-31,struc_pressure_35岁找工作,3883,37.64328289775332
2024-08-31,struc_pressure_35岁找工作,3586,24.025676295277396
2024-09-30,struc_pressure_35岁找工作,4005,43.2370472260431
2024-10-31,struc_pressure_35岁找工作,4050,45.30032095369097
2024-11-30,struc_pressure_35岁找工作,3922,39.43145346171481
2024-12-31,struc_pressure_35岁找工作,5243,100.0
2023-01-31,struc_pressure_中年就业,5668,76.5010799136069
2023-02-28,struc_pressure_中年就业,4260,15.680345572354213
2023-03-31,struc_pressure_中年就业,4340,19.136069114470843
2023-04-30,struc_pressure_中年就业,3897,0.0
2023-05-31,struc_pressure_中年就业,3958,2.634989200863931
2023-06-30,struc_pressure_中年就业,4501,26.09071274298056
2023-07-31,struc_pressure_中年就业,4143,10.626349892008639
2023-08-31,struc_pressure_中年就业,4415,22.375809935205186
2023-09-30,struc_pressure_中年就业,4596,30.194384449244062
2023-10-31,struc_pressure_中年就业,4337,19.00647948164147
2023-11-30,struc_pressure_中年就业,4920,44.190064794816415
2023-12-31,struc_pressure_中年就业,4930,44.622030237580994
2024-01-31,struc_pressure_中年就业,5867,85.09719222462203
2024-02-29,struc_pressure_中年就业,4537,27.645788336933048
2024-03-31,struc_pressure_中年就业,4247,15.118790496760258
2024-04-30,struc_pressure_中年就业,4866,41.857451403887694
2024-05-31,struc_pressure_中年就业,4193,12.786177105831534
2024-06-30,struc_pressure_中年就业,4182,12.311015118790497
2024-07-31,struc_pressure_中年就业,4351,19.611231101511876
2024-08-31,struc_pressure_中年就业,4772,37.79697624190065
2024-09-30,struc_pressure_中年就业,5166,54.816414686825055
2024-10-31,struc_pressure_中年就业,4643,32.22462203023758
2024-11-30,struc_pressure_中年就业,4698,34.600431965442766
2024-12-31,struc_pressure_中年就业,6212,100.0
2023-01-31,struc_pressure_蓝领招聘,3400,51.37046861184792
2023-02-28,struc_pressure_蓝领招聘,2967,13.085764809902741
2023-03-31,struc_pressure_蓝领招聘,2852,2.9177718832891246
2023-04-30,struc_pressure_蓝领招聘,2912,8.222811671087534
2023-05-31,struc_pressure_蓝领招聘,2975,13.793103448275861
2023-06-30,struc_pressure_蓝领招聘,2862,3.801945181255526
2023-07-31,struc_pressure_蓝领招聘,3219,35.36693191865606
2023-08-31,struc_pressure_蓝领招聘,2970,13.351016799292662
2023-09-30,struc_pressure_蓝领招聘,2998,15.826702033598586
2023-10-31,struc_pressure_蓝领招聘,3432,54.19982316534041
2023-11-30,struc_pressure_蓝领招聘,2915,8.488063660477453
2023-12-31,struc_pressure_蓝领招聘,3926,97.87798408488064
2024-01-31,struc_pressure_蓝领招聘,3950,100.0
2024-02-29,struc_pressure_蓝领招聘,3449,55.702917771883286
2024-03-31,struc_pressure_蓝领招聘,3419,53.05039787798409
2024-04-30,struc_pressure_蓝领招聘,2819,0.0
2024-05-31,struc_pressure_蓝领招聘,2907,7.780725022104333
2024-06-30,struc_pressure_蓝领招聘,3195,33.244916003536694
2024-07-31,struc_pressure_蓝领招聘,3229,36.251105216622456
2024-08-31,struc_pressure_蓝领招聘,3745,81.87444739168878
2024-09-30,struc_pressure_蓝领招聘,3425,53.58090185676393
2024-10-31,struc_pressure_蓝领招聘,3265,39.4341290893015
2024-11-30,struc_pressure_蓝领招聘,3472,57.736516357206014
2024-12-31,struc_pressure_蓝领招聘,3761,83.28912466843501
2023-01-31,struc_pressure_低学历就业,5658,69.33962264150944
2023-02-28,struc_pressure_低学历就业,5283,51.65094339622641
2023-03-31,struc_pressure_低学历就业,4188,0.0
2023-04-30,struc_pressure_低学历就业,4485,14.00943396226415
2023-05-31,struc_pressure_低学历就业,4840,30.754716981132074
2023-06-30,struc_pressure_低学历就业,4661,22.31132075471698
2023-07-31,struc_pressure_低学历就业,4210,1.0377358490566038
2023-08-31,struc_pressure_低学历就业,5291,52.02830188679245
2023-09-30,struc_pressure_低学历就业,4803,29.009433962264154
2023-10-31,struc_pressure_低学历就业,4484,13.962264150943396
2023-11-30,struc_pressure_低学历就业,5161,45.89622641509434
2023-12-31,struc_pressure_低学历就业,5936,82.45283018867924
2024-01-31,struc_pressure_低学历就业,5496,61.698113207547166
2024-02-29,struc_pressure_低学历就业,5546,64.05660377358491
2024-03-31,struc_pressure_低学历就业,5544,63.96226415094339
2024-04-30,struc_pressure_低学历就业,4535,16.367924528301884
2024-05-31,struc_pressure_低学历就业,6083,89.38679245283019
2024-06-30,struc_pressure_低学历就业,5512,62.45283018867924
2024-07-31,struc_pressure_低学历就业,5126,44.24528301886792
2024-08-31,struc_pressure_低学历就业,5026,39.528301886792455
2024-09-30,struc_pressure_低学历就业,5002,38.39622641509434
2024-10-31,struc_pressure_低学历就业,5291,52.02830188679245
2024-11-30,struc_pressure_低学历就业,5667,69.76415094339623
2024-12-31,struc_pressure_低学历就业,6308,100.0
2023-01-31,struc_pressure_外卖骑手,2507,64.50567260940032
2023-02-28,struc_pressure_外卖骑手,1893,14.748784440842789
2023-03-31,struc_pressure_外卖骑手,1961,20.25931928687196
2023-04-30,struc_pressure_外卖骑手,1915,16.53160453808752
2023-05-31,struc_pressure_外卖骑手,1711,0.0
2023-06-30,struc_pressure_外卖骑手,1794,6.726094003241491
2023-07-31,struc_pressure_外卖骑手,2000,23.419773095623984
2023-08-31,struc_pressure_外卖骑手,2000,23.419773095623984
2023-09-30,struc_pressure_外卖骑手,1778,5.429497568881685
2023-10-31,struc_pressure_外卖骑手,2235,42.463533225283626
2023-11-30,struc_pressure_外卖骑手,2292,47.08265802269044
2023-12-31,struc_pressure_外卖骑手,2912,97.3257698541329
2024-01-31,struc_pressure_外卖骑手,2772,85.9805510534846
2024-02-29,struc_pressure_外卖骑手,2391,55.10534846029174
2024-03-31,struc_pressure_外卖骑手,2120,33.14424635332253
2024-04-30,struc_pressure_外卖骑手,1963,20.42139384116694
2024-05-31,struc_pressure_外卖骑手,2046,27.14748784440843
2024-06-30,struc_pressure_外卖骑手,2687,79.09238249594813
2024-07-31,struc_pressure_外卖骑手,2171,37.27714748784441
2024-08-31,struc_pressure_外卖骑手,2064,28.606158833063212
2024-09-30,struc_pressure_外卖骑手,2295,47.3257698541329
2024-10-31,struc_pressure_外卖骑手,2525,65.96434359805511
2024-11-30,struc_pressure_外卖骑手,2427,58.0226904376013
2024-12-31,struc_pressure_外卖骑手,2945,100.0
2023-01-31,struc_pressure_快递员,1778,62.33766233766234
2023-02-28,struc_pressure_快递员,1250,0.0
2023-03-31,struc_pressure_快递员,1349,11.688311688311687
2023-04-30,struc_pressure_快递员,1477,26.80047225501771
2023-05-31,struc_pressure_快递员,1292,4.958677685950414
2023-06-30,struc_pressure_快递员,1303,6.257378984651712
2023-07-31,struc_pressure_快递员,1572,38.01652892561984
2023-08-31,struc_pressure_快递员,1497,29.161747343565526
2023-09-30,struc_pressure_快递员,1565,37.1900826446281
2023-10-31,struc_pressure_快递员,1375,14.757969303423849
2023-11-30,struc_pressure_快递员,1322,8.500590318772137
2023-12-31,struc_pressure_快递员,1820,67.29634002361276
2024-01-31,struc_pressure_快递员,1812,66.35182998819363
2024-02-29,struc_pressure_快递员,1339,10.50767414403778
2024-03-31,struc_pressure_快递员,1469,25.85596221959858
2024-04-30,struc_pressure_快递员,1839,69.53955135773317
2024-05-31,struc_pressure_快递员,1622,43.91971664698938
2024-06-30,struc_pressure_快递员,1549,35.30106257378985
2024-07-31,struc_pressure_快递员,1611,42.621015348288076
2024-08-31,struc_pressure_快递员,1540,34.238488783943325
2024-09-30,struc_pressure_快递员,1627,44.510035419126325
2024-10-31,struc_pressure_快递员,1567,37.42621015348288
2024-11-30,struc_pressure_快递员,1619,43.565525383707204
2024-12-31,struc_pressure_快递员,2097,100.0
2023-01-31,struc_pressure_送外卖,5504,44.17784050811574
2023-02-28,struc_pressure_送外卖,4482,8.115737473535638
2023-03-31,struc_pressure_送外卖,4252,0.0
2023-04-30,struc_pressure_送外卖,4429,6.245589273112209
2023-05-31,struc_pressure_送外卖,5138,31.263232180663376
2023-06-30,struc_pressure_送外卖,4807,19.58362738179252
2023-07-31,struc_pressure_送外卖,4912,23.288637967537053
2023-08-31,struc_pressure_送外卖,5677,50.28228652081863
2023-09-30,struc_pressure_送外卖,5049,28.122794636556105
2023-10-31,struc_pressure_送外卖,4454,7.127734650670431
2023-11-30,struc_pressure_送外卖,4695,15.631616090331688
2023-12-31,struc_pressure_送外卖,6486,78.82851093860268
2024-01-31,struc_pressure_送外卖,5802,54.69301340860974
2024-02-29,struc_pressure_送外卖,5663,49.788285109386024
2024-03-31,struc_pressure_送外卖,4833,20.501058574453072
2024-04-30,struc_pressure_送外卖,4677,14.996471418489769
2024-05-31,struc_pressure_送外卖,5334,38.17925194071983
2024-06-30,struc_pressure_送外卖,6105,65.38461538461539
2024-07-31,struc_pressure_送外卖,5560,46.15384615384615
2024-08-31,struc_pressure_送外卖,5932,59.28016937191249
2024-09-30,struc_pressure_送外卖,5503,44.14255469301341
2024-10-31,struc_pressure_送外卖,5287,36.52081863091038
2024-11-30,struc_pressure_送外卖,5461,42.6605504587156
2024-12-31,struc_pressure_送外卖,7086,100.0
2023-01-31,struc_pressure_兼职,2542,88.66071428571428
2023-02-28,struc_pressure_兼职,1955,36.25
2023-03-31,struc_pressure_兼职,2008,40.982142857142854
2023-04-30,struc_pressure_兼职,1549,0.0
2023-05-31,struc_pressure_兼职,2065,46.07142857142857
2023-06-30,struc_pressure_兼职,2357,72.14285714285714
2023-07-31,struc_pressure_兼职,2272,64.55357142857143
2023-08-31,struc_pressure_兼职,2280,65.26785714285714
2023-09-30,struc_pressure_兼职,2241,61.78571428571429
2023-10-31,struc_pressure_兼职,1821,24.285714285714285
2023-11-30,struc_pressure_兼职,2062,45.80357142857142
2023-12-31,struc_pressure_兼职,2325,69.28571428571428
2024-01-31,struc_pressure_兼职,2608,94.55357142857143
2024-02-29,struc_pressure_兼职,1981,38.57142857142858
2024-03-31,struc_pressure_兼职,2168,55.267857142857146
2024-04-30,struc_pressure_兼职,2312,68.125
2024-05-31,struc_pressure_兼职,1968,37.410714285714285
2024-06-30,struc_pressure_兼职,2013,41.42857142857143
2024-07-31,struc_pressure_兼职,2176,55.98214285714286
2024-08-31,struc_pressure_兼职,2478,82.94642857142858
2024-09-30,struc_pressure_兼职,1931,34.10714285714286
2024-10-31,struc_pressure_兼职,2345,71.07142857142857
2024-11-30,struc_pressure_兼职,2130,51.87500000000001
2024-12-31,struc_pressure_兼职,2669,100.0
2023-01-31,struc_pressure_临时工,4243,39.416058394160586
2023-02-28,struc_pressure_临时工,3835,21.897810218978105
2023-03-31,struc_pressure_临时工,3325,0.0
2023-04-30,struc_pressure_临时工,4737,60.62687848862173
2023-05-31,struc_pressure_临时工,4102,33.361957921854874
2023-06-30,struc_pressure_临时工,4160,35.85229712322885
2023-07-31,struc_pressure_临时工,4243,39.416058394160586
2023-08-31,struc_pressure_临时工,3925,25.762129669386002
2023-09-30,struc_pressure_临时工,3577,10.820094461142121
2023-10-31,struc_pressure_临时工,3694,15.84370974667239
2023-11-30,struc_pressure_临时工,4283,41.13353370545298
2023-12-31,struc_pressure_临时工,4880,66.76685272649206
2024-01-31,struc_pressure_临时工,4686,58.43709746672392
2024-02-29,struc_pressure_临时工,4377,45.16960068699012
2024-03-31,struc_pressure_临时工,4680,58.17947617003006
2024-04-30,struc_pressure_临时工,3694,15.84370974667239
2024-05-31,struc_pressure_临时工,4390,45.727780163160155
2024-06-30,struc_pressure_临时工,4265,40.3606698153714
2024-07-31,struc_pressure_临时工,4503,50.57964791756119
2024-08-31,struc_pressure_临时工,4332,43.23744096178617
2024-09-30,struc_pressure_临时工,4485,49.80678402747961
2024-10-31,struc_pressure_临时工,4433,47.574066122799486
2024-11-30,struc_pressure_临时工,4787,62.77372262773723
2024-12-31,struc_pressure_临时工,5654,100.0
2023-01-31,struc_pressure_底层劳动岗位,2764,48.51729818780889
2023-02-28,struc_pressure_底层劳动岗位,2322,12.108731466227347
2023-03-31,struc_pressure_底层劳动岗位,2175,0.0
2023-04-30,struc_pressure_底层劳动岗位,2614,36.16144975288303
2023-05-31,struc_pressure_底层劳动岗位,2185,0.8237232289950577
2023-06-30,struc_pressure_底层劳动岗位,2545,30.477759472817134
2023-07-31,struc_pressure_底层劳动岗位,2900,59.71993410214168
2023-08-31,struc_pressure_底层劳动岗位,2785,50.24711696869851
2023-09-30,struc_pressure_底层劳动岗位,2217,3.459637561779242
2023-10-31,struc_pressure_底层劳动岗位,2573,32.78418451400329
2023-11-30,struc_pressure_底层劳动岗位,2382,17.051070840197692
2023-12-31,struc_pressure_底层劳动岗位,3389,100.0
2024-01-31,struc_pressure_底层劳动岗位,2900,59.71993410214168
2024-02-29,struc_pressure_底层劳动岗位,2745,46.952224052718286
2024-03-31,struc_pressure_底层劳动岗位,2906,60.21416803953872
2024-04-30,struc_pressure_底层劳动岗位,2627,37.23228995057661
2024-05-31,struc_pressure_底层劳动岗位,2717,44.64579901153213
2024-06-30,struc_pressure_底层劳动岗位,2702,43.41021416803954
2024-07-31,struc_pressure_底层劳动岗位,2701,43.32784184514003
2024-08-31,struc_pressure_底层劳动岗位,2596,34.67874794069193
2024-09-30,struc_pressure_底层劳动岗位,2737,46.29324546952224
2024-10-31,struc_pressure_底层劳动岗位,2863,56.672158154859964
2024-11-30,struc_pressure_底层劳动岗位,2260,7.00164744645799
2024-12-31,struc_pressure_底层劳动岗位,3373,98.68204283360791
