Timestamp,Variable,Raw_Value,Norm_Value_z-score
2023-01-31,job_search_找工作,1214,-1.855965292712079
2023-02-28,job_search_找工作,1396,-1.2945875211888909
2023-03-31,job_search_找工作,2309,1.521554816177433
2023-04-30,job_search_找工作,1390,-1.3130944806896552
2023-05-31,job_search_找工作,1679,-0.4216759314028342
2023-06-30,job_search_找工作,2224,1.2593728899166032
2023-07-31,job_search_找工作,2207,1.2069365046644374
2023-08-31,job_search_找工作,1850,0.10577241436895261
2023-09-30,job_search_找工作,1775,-0.125564579390603
2023-10-31,job_search_找工作,1426,-1.2020527236850684
2023-11-30,job_search_找工作,1636,-0.5543091411583128
2023-12-31,job_search_找工作,1770,-0.14098704564124007
2024-01-31,job_search_找工作,1823,0.022491096615512587
2024-02-29,job_search_找工作,1533,-0.8720119459214358
2024-03-31,job_search_找工作,2343,1.6264275866817648
2024-04-30,job_search_找工作,1789,-0.0823816738888193
2024-05-31,job_search_找工作,1748,-0.20884589714404303
2024-06-30,job_search_找工作,2402,1.808412688439282
2024-07-31,job_search_找工作,2213,1.225443464165202
2024-08-31,job_search_找工作,1807,-0.026860795386525946
2024-09-30,job_search_找工作,1811,-0.014522822386016314
2024-10-31,job_search_找工作,1864,0.14895531987073632
2024-11-30,job_search_找工作,1796,-0.06079022113792744
2024-12-31,job_search_找工作,1572,-0.7517167091664669
2023-01-31,job_search_招聘,3973,-1.026514134073979
2023-02-28,job_search_招聘,4372,-0.5748554615922464
2023-03-31,job_search_招聘,5736,0.9691606518540771
2023-04-30,job_search_招聘,4469,-0.46505372918440674
2023-05-31,job_search_招聘,4223,-0.7435199783836703
2023-06-30,job_search_招聘,5868,1.11858156605856
2023-07-31,job_search_招聘,6362,1.6777780177026096
2023-08-31,job_search_招聘,4268,-0.6925810303594148
2023-09-30,job_search_招聘,3964,-1.03670192367883
2023-10-31,job_search_招聘,3854,-1.1612193521825658
2023-11-30,job_search_招聘,4421,-0.519388607076946
2023-12-31,job_search_招聘,4043,-0.9472757704806926
2024-01-31,job_search_招聘,4772,-0.12206481248775275
2024-02-29,job_search_招聘,4617,-0.29752118901574404
2024-03-31,job_search_招聘,6032,1.3042257321914024
2024-04-30,job_search_招聘,4310,-0.6450380122034429
2024-05-31,job_search_招聘,4580,-0.3394043240579097
2024-06-30,job_search_招聘,6503,1.8373867215119437
2024-07-31,job_search_招聘,6646,1.9992593785668002
2024-08-31,job_search_招聘,4232,-0.7333321887788192
2024-09-30,job_search_招聘,5520,0.7246537013376505
2024-10-31,job_search_招聘,4525,-0.4016630383097776
2024-11-30,job_search_招聘,4342,-0.6088147602750835
2024-12-31,job_search_招聘,5484,0.683902542918246
2023-01-31,job_search_求职,4011,-0.5164592574954703
2023-02-28,job_search_求职,3968,-0.5805046737097608
2023-03-31,job_search_求职,4973,0.9163707517637725
2023-04-30,job_search_求职,3666,-1.0303120154938474
2023-05-31,job_search_求职,4012,-0.514969829211417
2023-06-30,job_search_求职,5155,1.187446699461467
2023-07-31,job_search_求职,4757,0.5946542424082668
2023-08-31,job_search_求职,3847,-0.7607254960802061
2023-09-30,job_search_求职,3577,-1.1628711327745882
2023-10-31,job_search_求职,3823,-0.7964717748974844
2023-11-30,job_search_求职,3960,-0.5924200999821869
2023-12-31,job_search_求职,3993,-0.5432689666084292
2024-01-31,job_search_求职,3836,-0.777109207204792
2024-02-29,job_search_求职,4790,0.6438053757820246
2024-03-31,job_search_求职,5551,1.7772602999465608
2024-04-30,job_search_求职,4105,-0.3764529987944632
2024-05-31,job_search_求职,3641,-1.067547722595179
2024-06-30,job_search_求职,5954,2.3774998984200275
2024-07-31,job_search_求职,5398,1.5493777724864108
2024-08-31,job_search_求职,4800,0.6586996586225573
2024-09-30,job_search_求职,4543,0.2759165896208677
2024-10-31,job_search_求职,4217,-0.20963703098049732
2024-11-30,job_search_求职,4383,0.03760806417234499
2024-12-31,job_search_求职,3626,-1.0898891468559782
2023-01-31,job_search_招聘信息,3763,-1.4486083280349464
2023-02-28,job_search_招聘信息,4579,-0.5652621611325804
2023-03-31,job_search_招聘信息,5593,0.532425355091683
2023-04-30,job_search_招聘信息,5176,0.08100948303495929
2023-05-31,job_search_招聘信息,4015,-1.175810247079804
2023-06-30,job_search_招聘信息,6141,1.1256529279623895
2023-07-31,job_search_招聘信息,6459,1.4698981253581644
2023-08-31,job_search_招聘信息,4315,-0.8510506268951106
2023-09-30,job_search_招聘信息,4263,-0.9073422943937908
2023-10-31,job_search_招聘信息,4844,-0.27839116330276803
2023-11-30,job_search_招聘信息,4086,-1.09895047030276
2023-12-31,job_search_招聘信息,5266,0.17843736909036728
2024-01-31,job_search_招聘信息,4280,-0.8889392492499915
2024-02-29,job_search_招聘信息,4335,-0.8293999855494644
2024-03-31,job_search_招聘信息,6617,1.6409381919887696
2024-04-30,job_search_招聘信息,3991,-1.2017910166945793
2024-05-31,job_search_招聘信息,4993,-0.11709388527770365
2024-06-30,job_search_招聘信息,6475,1.4872186384346815
2024-07-31,job_search_招聘信息,6979,2.0328148003449664
2024-08-31,job_search_招聘信息,5068,-0.03590398023153031
2024-09-30,job_search_招聘信息,5548,0.48371141206397905
2024-10-31,job_search_招聘信息,4796,-0.33035270253231896
2024-11-30,job_search_招聘信息,5579,0.5172699061497307
2024-12-31,job_search_招聘信息,5267,0.1795199011576496
2023-01-31,job_search_校招,3652,-1.0729007738430936
2023-02-28,job_search_校招,3643,-1.0853108931078526
2023-03-31,job_search_校招,5440,1.3925762534223478
2023-04-30,job_search_校招,3391,-1.4327942325211027
2023-05-31,job_search_校招,3767,-0.9143270276822851
2023-06-30,job_search_校招,5164,1.0119992626364072
2023-07-31,job_search_校招,5936,2.0765117151246177
2023-08-31,job_search_校招,3913,-0.7130073151650846
2023-09-30,job_search_校招,3999,-0.5944217310796104
2023-10-31,job_search_校招,3840,-0.8136671714236848
2023-11-30,job_search_校招,3824,-0.8357296056721452
2023-12-31,job_search_校招,4100,-0.45515261488620457
2024-01-31,job_search_校招,4271,-0.21936034885578481
2024-02-29,job_search_校招,3931,-0.6881870766355668
2024-03-31,job_search_校招,5309,1.211940073013079
2024-04-30,job_search_校招,3906,-0.722659630148786
2024-05-31,job_search_校招,4940,0.7031251831579626
2024-06-30,job_search_校招,5230,1.103006803911306
2024-07-31,job_search_校招,5403,1.3415568742227832
2024-08-31,job_search_校招,3802,-0.8660654527637781
2024-09-30,job_search_校招,4562,0.18190017403808736
2024-10-31,job_search_校招,4873,0.610738739742535
2024-11-30,job_search_校招,4318,-0.1545519482509326
2024-12-31,job_search_校招,5108,0.934780742766796
2023-01-31,job_search_春招,4009,-1.3872772548587486
2023-02-28,job_search_春招,4343,-1.0299374581059295
2023-03-31,job_search_春招,5328,0.02389397842558737
2023-04-30,job_search_春招,4217,-1.164742291611484
2023-05-31,job_search_春招,4925,-0.4072675128659876
2023-06-30,job_search_春招,6074,0.8220241831489494
2023-07-31,job_search_春招,6664,1.4532531654368632
2023-08-31,job_search_春招,5650,0.3683952196064488
2023-09-30,job_search_春招,4542,-0.8170314115376333
2023-10-31,job_search_春招,4970,-0.3591229294711467
2023-11-30,job_search_春招,4170,-1.2150266342683178
2023-12-31,job_search_春招,5320,0.015334941377615659
2024-01-31,job_search_春招,5357,0.05492048772448482
2024-02-29,job_search_春招,4684,-0.6651085039361354
2024-03-31,job_search_春招,6374,1.1429880724478887
2024-04-30,job_search_春招,4859,-0.4778795685117542
2024-05-31,job_search_春招,4535,-0.8245205689546086
2024-06-30,job_search_春招,7165,1.9892628605660916
2024-07-31,job_search_春招,7431,2.273850842411151
2024-08-31,job_search_春招,5264,-0.04457831795818632
2024-09-30,job_search_春招,4441,-0.9250892542682762
2024-10-31,job_search_春招,6002,0.744992849717204
2024-11-30,job_search_春招,5542,0.2528482194588306
2024-12-31,job_search_春招,5470,0.17581688602708526
2023-01-31,job_search_秋招,2588,-1.5956782346989233
2023-02-28,job_search_秋招,2821,-1.2149865375942526
2023-03-31,job_search_秋招,3924,0.5871720113604767
2023-04-30,job_search_秋招,3145,-0.685612675525955
2023-05-31,job_search_秋招,2743,-1.3424283932773613
2023-06-30,job_search_秋招,3930,0.5969752310284082
2023-07-31,job_search_秋招,4853,2.1050371899451945
2023-08-31,job_search_秋招,3007,-0.911086727888378
2023-09-30,job_search_秋招,3039,-0.8588028896594103
2023-10-31,job_search_秋招,3494,-0.1153920648412763
2023-11-30,job_search_秋招,2965,-0.979709265563898
2023-12-31,job_search_秋招,3637,0.11825133724442297
2024-01-31,job_search_秋招,3095,-0.7673061727587169
2024-02-29,job_search_秋招,3893,0.5365220430761644
2024-03-31,job_search_秋招,4517,1.556056888541034
2024-04-30,job_search_秋招,3519,-0.07454531622489531
2024-05-31,job_search_秋招,3954,0.636188109700134
2024-06-30,job_search_秋招,4564,1.63284877593983
2024-07-31,job_search_秋招,4384,1.338752185901887
2024-08-31,job_search_秋招,3635,0.11498359735511249
2024-09-30,job_search_秋招,3725,0.2620318923740841
2024-10-31,job_search_秋招,3159,-0.6627384963007816
2024-11-30,job_search_秋招,3714,0.24405932298287641
2024-12-31,job_search_秋招,3246,-0.5205918111157757
2023-01-31,job_search_面试,3590,-1.3986728220424156
2023-02-28,job_search_面试,3431,-1.5862636939991799
2023-03-31,job_search_面试,5654,1.0364690629812416
2023-04-30,job_search_面试,4255,-0.6140946468773322
2023-05-31,job_search_面试,4185,-0.6966818232104989
2023-06-30,job_search_面试,6032,1.4824398151803417
2023-07-31,job_search_面试,6086,1.546149922637356
2023-08-31,job_search_面试,4705,-0.08317708473554643
2023-09-30,job_search_面试,4553,-0.26250923905899404
2023-10-31,job_search_面试,3635,-1.345581065828237
2023-11-30,job_search_面试,4040,-0.8677552599006298
2023-12-31,job_search_面试,4256,-0.6129148300725726
2024-01-31,job_search_面试,5111,0.3958285379968203
2024-02-29,job_search_面试,4138,-0.7521332130341964
2024-03-31,job_search_面试,5912,1.3408617986091989
2024-04-30,job_search_面试,4394,-0.45010011101575836
2024-05-31,job_search_面试,4797,0.025366061302329764
2024-06-30,job_search_面试,6013,1.4600232958899109
2024-07-31,job_search_面试,6285,1.7809334667845014
2024-08-31,job_search_面试,4071,-0.8311809389530845
2024-09-30,job_search_面试,4693,-0.09733488639266072
2024-10-31,job_search_面试,5156,0.4489202942109988
2024-11-30,job_search_面试,4951,0.20705784923529644
2024-12-31,job_search_面试,4669,-0.1256504897068893
2023-01-31,job_search_简历,4203,-0.8168772912979801
2023-02-28,job_search_简历,4164,-0.8713862486413115
2023-03-31,job_search_简历,5246,0.6408879012429088
2023-04-30,job_search_简历,4523,-0.3696243079680813
2023-05-31,job_search_简历,4383,-0.5652974881749121
2023-06-30,job_search_简历,5985,1.673762759620394
2023-07-31,job_search_简历,5739,1.329937028685534
2023-08-31,job_search_简历,3615,-1.6387046481666692
2023-09-30,job_search_简历,4602,-0.25920872770851255
2023-10-31,job_search_简历,4704,-0.1166468392721073
2023-11-30,job_search_简历,3988,-1.1173753894727558
2023-12-31,job_search_简历,4201,-0.819672622443792
2024-01-31,job_search_简历,4441,-0.4842328849463679
2024-02-29,job_search_简历,4387,-0.5597068258832884
2024-03-31,job_search_简历,6046,1.759020359567656
2024-04-30,job_search_简历,4299,-0.6827013962990105
2024-05-31,job_search_简历,4706,-0.11385150812629544
2024-06-30,job_search_简历,6106,1.842880293942012
2024-07-31,job_search_简历,6053,1.7688040185779974
2024-08-31,job_search_简历,4787,-0.000640596720914796
2024-09-30,job_search_简历,4211,-0.8056959667147326
2024-10-31,job_search_简历,5042,0.3557641243700983
2024-11-30,job_search_简历,4668,-0.16696279989672091
2024-12-31,job_search_简历,4800,0.017529055726862343
2023-01-31,emp_difficulty_就业难,1655,-1.262521496226501
2023-02-28,emp_difficulty_就业难,1608,-1.3894601046357613
2023-03-31,emp_difficulty_就业难,2340,0.5875412008020817
2023-04-30,emp_difficulty_就业难,1543,-1.565013499244313
2023-05-31,emp_difficulty_就业难,1760,-0.9789352433973022
2023-06-30,emp_difficulty_就业难,2470,0.938647990019185
2023-07-31,emp_difficulty_就业难,2504,1.030475919506735
2023-08-31,emp_difficulty_就业难,1900,-0.6008202396250371
2023-09-30,emp_difficulty_就业难,1584,-1.4542798195681497
2023-10-31,emp_difficulty_就业难,1981,-0.38205370172822656
2023-11-30,emp_difficulty_就业难,2013,-0.29562741515170887
2023-12-31,emp_difficulty_就业难,1897,-0.6089227039915857
2024-01-31,emp_difficulty_就业难,2043,-0.21460277148622348
2024-02-29,emp_difficulty_就业难,1944,-0.4819840955823252
2024-03-31,emp_difficulty_就业难,3000,2.37008336144276
2024-04-30,emp_difficulty_就业难,2178,0.1500081250084607
2024-05-31,emp_difficulty_就业难,2148,0.06898348134297533
2024-06-30,emp_difficulty_就业难,2487,0.98456195476296
2024-07-31,emp_difficulty_就业难,2745,1.6813738902861342
2024-08-31,emp_difficulty_就业难,2176,0.14460648209742835
2024-09-30,emp_difficulty_就业难,2236,0.3066557694283991
2024-10-31,emp_difficulty_就业难,2074,-0.13087730636522193
2024-11-30,emp_difficulty_就业难,2455,0.8981356681864423
2024-12-31,emp_difficulty_就业难,2198,0.20402455411878428
2023-01-31,emp_difficulty_找工作难,1933,-0.8164846126552439
2023-02-28,emp_difficulty_找工作难,1755,-1.2352147765523867
2023-03-31,emp_difficulty_找工作难,2731,1.0607438749285765
2023-04-30,emp_difficulty_找工作难,1963,-0.7459121131220176
2023-05-31,emp_difficulty_找工作难,1651,-1.4798661082675713
2023-06-30,emp_difficulty_找工作难,2896,1.4488926223613212
2023-07-31,emp_difficulty_找工作难,2621,0.8019780433067466
2023-08-31,emp_difficulty_找工作难,2021,-0.60947194735778
2023-09-30,emp_difficulty_找工作难,2176,-0.2448473664361106
2023-10-31,emp_difficulty_找工作难,1692,-1.383417025572162
2023-11-30,emp_difficulty_找工作难,2073,-0.4871462815001877
2023-12-31,emp_difficulty_找工作难,2150,-0.30601019936490675
2024-01-31,emp_difficulty_找工作难,2064,-0.5083180313601555
2024-02-29,emp_difficulty_找工作难,2215,-0.15310311704291638
2024-03-31,emp_difficulty_找工作难,3113,1.9593670356516584
2024-04-30,emp_difficulty_找工作难,2247,-0.07782578420747495
2024-05-31,emp_difficulty_找工作难,2413,0.3126753798763774
2024-06-30,emp_difficulty_找工作难,2865,1.3759677061769875
2024-07-31,emp_difficulty_找工作难,3231,2.2369522004823486
2024-08-31,emp_difficulty_找工作难,2265,-0.03548228448753915
2024-09-30,emp_difficulty_找工作难,2150,-0.30601019936490675
2024-10-31,emp_difficulty_找工作难,2072,-0.4894986981512952
2024-11-30,emp_difficulty_找工作难,2182,-0.23073286652946534
2024-12-31,emp_difficulty_找工作难,2243,-0.08723545081190512
2023-01-31,emp_difficulty_应届生就业,2132,-1.7834393438044573
2023-02-28,emp_difficulty_应届生就业,2647,-0.7938406776126238
2023-03-31,emp_difficulty_应届生就业,3680,1.1911213071954618
2023-04-30,emp_difficulty_应届生就业,2614,-0.8572518542812266
2023-05-31,emp_difficulty_应届生就业,2506,-1.0647793415602909
2023-06-30,emp_difficulty_应届生就业,3938,1.6868814156954484
2023-07-31,emp_difficulty_应届生就业,3883,1.5811961212477768
2023-08-31,emp_difficulty_应届生就业,2935,-0.24043404486845277
2023-09-30,emp_difficulty_应届生就业,2583,-0.9168199293335506
2023-10-31,emp_difficulty_应届生就业,3053,-0.013691049507993814
2023-11-30,emp_difficulty_应届生就业,2528,-1.0225052237812222
2023-12-31,emp_difficulty_应届生就业,2890,-0.3269038312347295
2024-01-31,emp_difficulty_应届生就业,2547,-0.985995758426572
2024-02-29,emp_difficulty_应届生就业,3056,-0.007926397083575365
2024-03-31,emp_difficulty_应届生就业,3674,1.1795920023466249
2024-04-30,emp_difficulty_应届生就业,3186,0.2418752079745574
2024-05-31,emp_difficulty_应届生就业,2480,-1.1147396625719173
2024-06-30,emp_difficulty_应届生就业,3647,1.1277101305268589
2024-07-31,emp_difficulty_应届生就业,3945,1.7003322713524247
2024-08-31,emp_difficulty_应届生就业,3026,-0.06557292132775984
2024-09-30,emp_difficulty_应届生就业,3371,0.5973621074803617
2024-10-31,emp_difficulty_应届生就业,3078,0.03434772069549325
2024-11-30,emp_difficulty_应届生就业,3225,0.3168156894919972
2024-12-31,emp_difficulty_应届生就业,2819,-0.4633339386126327
2023-01-31,emp_difficulty_应届生找工作,1737,-0.2107930148437605
2023-02-28,emp_difficulty_应届生找工作,1332,-1.4616526633671745
2023-03-31,emp_difficulty_应届生找工作,2117,0.9628530751288255
2023-04-30,emp_difficulty_应届生找工作,1438,-1.1342671751116638
2023-05-31,emp_difficulty_应届生找工作,1278,-1.628433949836963
2023-06-30,emp_difficulty_应届生找工作,2332,1.6268896786659464
2023-07-31,emp_difficulty_应届生找工作,2270,1.435400053459893
2023-08-31,emp_difficulty_应届生找工作,1613,-0.5937722652558675
2023-09-30,emp_difficulty_应届生找工作,1620,-0.5721524688616356
2023-10-31,emp_difficulty_应届生找工作,1853,0.1474778968320815
2023-11-30,emp_difficulty_应届生找工作,1508,-0.9180692111693451
2023-12-31,emp_difficulty_应届生找工作,1695,-0.3405117932091516
2024-01-31,emp_difficulty_应届生找工作,1562,-0.7512879246995566
2024-02-29,emp_difficulty_应届生找工作,1458,-1.0724963282710012
2024-03-31,emp_difficulty_应届生找工作,2420,1.898681404764861
2024-04-30,emp_difficulty_应届生找工作,1843,0.11659247341175032
2024-05-31,emp_difficulty_应届生找工作,1656,-0.4609649445484433
2024-06-30,emp_difficulty_应届生找工作,2229,1.308769817436535
2024-07-31,emp_difficulty_应届生找工作,2224,1.2933271057263693
2024-08-31,emp_difficulty_应届生找工作,1759,-0.14284508331903184
2024-09-30,emp_difficulty_应届生找工作,1713,-0.2849180310525554
2024-10-31,emp_difficulty_应届生找工作,1771,-0.1057825752146344
2024-11-30,emp_difficulty_应届生找工作,1861,0.1721862355683465
2024-12-31,emp_difficulty_应届生找工作,2037,0.7157696877661758
2023-01-31,emp_difficulty_就业形势,1717,-0.685944223844304
2023-02-28,emp_difficulty_就业形势,1736,-0.6357531830752086
2023-03-31,emp_difficulty_就业形势,2786,2.1379622278484844
2023-04-30,emp_difficulty_就业形势,1653,-0.8550087822244148
2023-05-31,emp_difficulty_就业形势,1343,-1.6739152368780765
2023-06-30,emp_difficulty_就业形势,2342,0.9650768540864657
2023-07-31,emp_difficulty_就业形势,2369,1.036400964653075
2023-08-31,emp_difficulty_就业形势,1862,-0.3029073337643654
2023-09-30,emp_difficulty_就业形势,1965,-0.03081906012137457
2023-10-31,emp_difficulty_就业形势,1856,-0.3187571361125008
2023-11-30,emp_difficulty_就业形势,1492,-1.280311811899381
2023-12-31,emp_difficulty_就业形势,1782,-0.514238031739504
2024-01-31,emp_difficulty_就业形势,1822,-0.4085726827519347
2024-02-29,emp_difficulty_就业形势,1649,-0.8655753171231717
2024-03-31,emp_difficulty_就业形势,2704,1.9213482624239675
2024-04-30,emp_difficulty_就业形势,1839,-0.36366490943221774
2024-05-31,emp_difficulty_就业形势,1769,-0.5485792701604639
2024-06-30,emp_difficulty_就业形势,2599,1.6439767213315983
2024-07-31,emp_difficulty_就业形势,2467,1.2952810696726196
2024-08-31,emp_difficulty_就业形势,1980,0.008805445748963905
2024-09-30,emp_difficulty_就业形势,2114,0.36278436485732096
2024-10-31,emp_difficulty_就业形势,1962,-0.03874396129544226
2024-11-30,emp_difficulty_就业形势,1831,-0.3847979792297316
2024-12-31,emp_difficulty_就业形势,1801,-0.4640469909704085
2023-01-31,emp_difficulty_就业前景,3525,-1.3522926002864837
2023-02-28,emp_difficulty_就业前景,4032,-0.7353648723213541
2023-03-31,emp_difficulty_就业前景,5941,1.5875444623639172
2023-04-30,emp_difficulty_就业前景,3824,-0.9884634273839713
2023-05-31,emp_difficulty_就业前景,3843,-0.9653438478349823
2023-06-30,emp_difficulty_就业前景,4841,0.2490424884750757
2023-07-31,emp_difficulty_就业前景,5605,1.1786929503396892
2023-08-31,emp_difficulty_就业前景,3931,-0.8582636899238749
2023-09-30,emp_difficulty_就业前景,4008,-0.7645685517516561
2023-10-31,emp_difficulty_就业前景,4051,-0.7122452927723649
2023-11-30,emp_difficulty_就业前景,4132,-0.6136828746950957
2023-12-31,emp_difficulty_就业前景,4180,-0.5552755158344918
2024-01-31,emp_difficulty_就业前景,4018,-0.7524003519890302
2024-02-29,emp_difficulty_就业前景,4310,-0.3970889189203559
2024-03-31,emp_difficulty_就业前景,6072,1.7469478792543156
2024-04-30,emp_difficulty_就业前景,4274,-0.4408944380658089
2024-05-31,emp_difficulty_就业前景,5103,0.5678493222558725
2024-06-30,emp_difficulty_就业前景,5870,1.5011502440492739
2024-07-31,emp_difficulty_就业前景,6051,1.7213946597528014
2024-08-31,emp_difficulty_就业前景,3946,-0.8400113902799362
2024-09-30,emp_difficulty_就业前景,4117,-0.6319351743390345
2024-10-31,emp_difficulty_就业前景,5165,0.6432921607841526
2024-11-30,emp_difficulty_就业前景,4949,0.3804590459114347
2024-12-31,emp_difficulty_就业前景,5484,1.0314577332119166
2023-01-31,emp_difficulty_行业前景,4860,-0.26975532787644385
2023-02-28,emp_difficulty_行业前景,3979,-1.1509088351558407
2023-03-31,emp_difficulty_行业前景,6206,1.0764792019738036
2023-04-30,emp_difficulty_行业前景,3946,-1.1839145851447397
2023-05-31,emp_difficulty_行业前景,4337,-0.79284645648839
2023-06-30,emp_difficulty_行业前景,5502,0.37235653554395653
2023-07-31,emp_difficulty_行业前景,6252,1.1224872171098448
2023-08-31,emp_difficulty_行业前景,4221,-0.9088666685705807
2023-09-30,emp_difficulty_行业前景,4327,-0.8028481989092685
2023-10-31,emp_difficulty_行业前景,5027,-0.10272622944777274
2023-11-30,emp_difficulty_行业前景,3677,-1.4529614562663717
2023-12-31,emp_difficulty_行业前景,4333,-0.7968471534567414
2024-01-31,emp_difficulty_行业前景,4374,-0.7558400095311395
2024-02-29,emp_difficulty_行业前景,4980,-0.14973441882590174
2024-03-31,emp_difficulty_行业前景,7082,1.9526318380427612
2024-04-30,emp_difficulty_行业前景,4785,-0.3447683960330327
2024-05-31,emp_difficulty_行业前景,4714,-0.4157807672212701
2024-06-30,emp_difficulty_行业前景,7189,2.059650481946161
2024-07-31,emp_difficulty_行业前景,6923,1.7936041335507928
2024-08-31,emp_difficulty_行业前景,5038,-0.09172431278480637
2024-09-30,emp_difficulty_行业前景,5569,0.43936820976384255
2024-10-31,emp_difficulty_行业前景,5161,0.03129711899199931
2024-11-30,emp_difficulty_行业前景,4892,-0.23774975212963265
2024-12-31,emp_difficulty_行业前景,5739,0.6093978309187772
2023-01-31,emp_difficulty_薪资水平,1389,-1.726945479545968
2023-02-28,emp_difficulty_薪资水平,1729,-0.2181794074801119
2023-03-31,emp_difficulty_薪资水平,2076,1.3216494954812177
2023-04-30,emp_difficulty_薪资水平,1673,-0.46668205464389995
2023-05-31,emp_difficulty_薪资水平,1505,-1.2121899961352642
2023-06-30,emp_difficulty_薪资水平,2007,1.0154587337972647
2023-07-31,emp_difficulty_薪资水平,2019,1.0687093010466477
2023-08-31,emp_difficulty_薪资水平,1769,-0.04067751664883469
2023-09-30,emp_difficulty_薪资水平,1551,-1.0080628216792955
2023-10-31,emp_difficulty_薪资水平,1645,-0.590933378225794
2023-11-30,emp_difficulty_薪资水平,1562,-0.9592498017006942
2023-12-31,emp_difficulty_薪资水平,1628,-0.6663716818290868
2024-01-31,emp_difficulty_薪资水平,1617,-0.715184701807688
2024-02-29,emp_difficulty_薪资水平,1719,-0.26255488018793116
2024-03-31,emp_difficulty_薪资水平,2397,2.746102169402217
2024-04-30,emp_difficulty_薪资水平,1786,0.03476078695445811
2024-05-31,emp_difficulty_薪资水平,1959,0.802456464799732
2024-06-30,emp_difficulty_薪资水平,1930,0.673767593947056
2024-07-31,emp_difficulty_薪资水平,2070,1.2950242118565263
2024-08-31,emp_difficulty_薪资水平,1698,-0.3557433728743517
2024-09-30,emp_difficulty_薪资水平,1640,-0.6131211145797036
2024-10-31,emp_difficulty_薪资水平,1804,0.11463663782853285
2024-11-30,emp_difficulty_薪资水平,1682,-0.4267441292068626
2024-12-31,emp_difficulty_薪资水平,1821,0.19007494143182566
2023-01-31,emp_difficulty_薪资查询,4796,-0.44293629303504917
2023-02-28,emp_difficulty_薪资查询,3944,-1.3490148564584872
2023-03-31,emp_difficulty_薪资查询,6488,1.3564591639044543
2023-04-30,emp_difficulty_薪资查询,3734,-1.5723440798375035
2023-05-31,emp_difficulty_薪资查询,4506,-0.751343315796548
2023-06-30,emp_difficulty_薪资查询,7043,1.9466863971204262
2023-07-31,emp_difficulty_薪资查询,5516,0.3227639014072927
2023-08-31,emp_difficulty_薪资查询,4775,-0.4652692153729508
2023-09-30,emp_difficulty_薪资查询,4429,-0.8332306977021874
2023-10-31,emp_difficulty_薪资查询,5379,0.17706816996479158
2023-11-30,emp_difficulty_薪资查询,3916,-1.378792086242356
2023-12-31,emp_difficulty_薪资查询,4159,-1.1203682706180655
2024-01-31,emp_difficulty_薪资查询,5821,0.647123011553007
2024-02-29,emp_difficulty_薪资查询,4635,-0.6141553642922951
2024-03-31,emp_difficulty_薪资查询,6546,1.418140568456754
2024-04-30,emp_difficulty_薪资查询,4729,-0.5141889500178782
2024-05-31,emp_difficulty_薪资查询,5207,-0.0058490987075456675
2024-06-30,emp_difficulty_薪资查询,6548,1.420267513441316
2024-07-31,emp_difficulty_薪资查询,6652,1.5308686526385433
2024-08-31,emp_difficulty_薪资查询,4643,-0.6056475843540469
2024-09-30,emp_difficulty_薪资查询,5178,-0.03668980098369555
2024-10-31,emp_difficulty_薪资查询,5335,0.13027538030442623
2024-11-30,emp_difficulty_薪资查询,5663,0.47909435777260423
2024-12-31,emp_difficulty_薪资查询,5458,0.26108249685499296
2023-01-31,emp_difficulty_大学生就业,2603,-1.0439072913379008
2023-02-28,emp_difficulty_大学生就业,2690,-0.83951134007069
2023-03-31,emp_difficulty_大学生就业,3403,0.8355957088203596
2023-04-30,emp_difficulty_大学生就业,2844,-0.47770701254022485
2023-05-31,emp_difficulty_大学生就业,2811,-0.5552365112967531
2023-06-30,emp_difficulty_大学生就业,3482,1.0211966300859878
2023-07-31,emp_difficulty_大学生就业,3898,1.998538190168283
2023-08-31,emp_difficulty_大学生就业,2257,-1.8567923389063483
2023-09-30,emp_difficulty_大学生就业,2709,-0.7948731438169313
2023-10-31,emp_difficulty_大学生就业,2577,-1.1049911388430442
2023-11-30,emp_difficulty_大学生就业,3115,0.15897462876338583
2023-12-31,emp_difficulty_大学生就业,3145,0.2294559912693206
2024-01-31,emp_difficulty_大学生就业,2853,-0.45656260378844443
2024-02-29,emp_difficulty_大学生就业,2857,-0.44716508878765315
2024-03-31,emp_difficulty_大学生就业,3801,1.770648451399094
2024-04-30,emp_difficulty_大学生就业,2703,-0.8089694163181183
2024-05-31,emp_difficulty_大学生就业,3010,-0.08771014000738583
2024-06-30,emp_difficulty_大学生就业,3815,1.8035397539018636
2024-07-31,emp_difficulty_大学生就业,3416,0.8661376325729313
2024-08-31,emp_difficulty_大学生就业,2956,-0.2145765925180684
2024-09-30,emp_difficulty_大学生就业,3076,0.06734885750567064
2024-10-31,emp_difficulty_大学生就业,2809,-0.5599352687971487
2024-11-30,emp_difficulty_大学生就业,2874,-0.4072256500342901
2024-12-31,emp_difficulty_大学生就业,3432,0.9037276925760965
2023-01-31,emp_difficulty_毕业生就业,3261,-0.45932855929057903
2023-02-28,emp_difficulty_毕业生就业,3200,-0.5471052217108123
2023-03-31,emp_difficulty_毕业生就业,4287,1.0170461233841648
2023-04-30,emp_difficulty_毕业生就业,2806,-1.1140561232447783
2023-05-31,emp_difficulty_毕业生就业,2972,-0.8751884845274222
2023-06-30,emp_difficulty_毕业生就业,4345,1.1005059007673375
2023-07-31,emp_difficulty_毕业生就业,4696,1.6055814501034342
2023-08-31,emp_difficulty_毕业生就业,3296,-0.4089649005248714
2023-09-30,emp_difficulty_毕业生就业,2581,-1.4378225010243275
2023-10-31,emp_difficulty_毕业生就业,2779,-1.1529080885783243
2023-11-30,emp_difficulty_毕业生就业,3113,-0.6722948877855713
2023-12-31,emp_difficulty_毕业生就业,3634,0.07740414698396235
2024-01-31,emp_difficulty_毕业生就业,2826,-1.085276889664374
2024-02-29,emp_difficulty_毕业生就业,3342,-0.3427726632899414
2024-03-31,emp_difficulty_毕业生就业,4488,1.3062774208672288
2024-04-30,emp_difficulty_毕业生就业,3339,-0.347089548327002
2024-05-31,emp_difficulty_毕业生就业,3734,0.22130031488598417
2024-06-30,emp_difficulty_毕业生就业,5021,2.073243995785005
2024-07-31,emp_difficulty_毕业生就业,4749,1.6818464190915057
2024-08-31,emp_difficulty_毕业生就业,2982,-0.8607988677372199
2024-09-30,emp_difficulty_毕业生就业,3837,0.36951336782506666
2024-10-31,emp_difficulty_毕业生就业,3928,0.5004588806159065
2024-11-30,emp_difficulty_毕业生就业,3344,-0.33989473993190095
2024-12-31,emp_difficulty_毕业生就业,3365,-0.30967654467247635
2023-01-31,unemp_pressure_失业,3425,1.7842137763965729
2023-02-28,unemp_pressure_失业,2850,-0.04915555452470032
2023-03-31,unemp_pressure_失业,2533,-1.0599000378326022
2023-04-30,unemp_pressure_失业,2825,-0.12886726456475567
2023-05-31,unemp_pressure_失业,2504,-1.1523656214790665
2023-06-30,unemp_pressure_失业,2694,-0.5465566251746458
2023-07-31,unemp_pressure_失业,2550,-1.0056960750053645
2023-08-31,unemp_pressure_失业,2627,-0.760184008081994
2023-09-30,unemp_pressure_失业,2380,-1.547735703277741
2023-10-31,unemp_pressure_失业,2900,0.11026786555541039
2023-11-30,unemp_pressure_失业,2574,-0.9291728333669115
2023-12-31,unemp_pressure_失业,3039,0.5534649733781182
2024-01-31,unemp_pressure_失业,3504,2.036102780123148
2024-02-29,unemp_pressure_失业,3152,0.9137619027591684
2024-03-31,unemp_pressure_失业,2843,-0.07147483333591582
2024-04-30,unemp_pressure_失业,2739,-0.4030755471025461
2024-05-31,unemp_pressure_失业,3014,0.47375326333806284
2024-06-30,unemp_pressure_失业,2724,-0.45090257312657933
2024-07-31,unemp_pressure_失业,2510,-1.1332348110694532
2024-08-31,unemp_pressure_失业,2948,0.2633143488323167
2024-09-30,unemp_pressure_失业,2759,-0.3393061790705018
2024-10-31,unemp_pressure_失业,3084,0.6969460514502178
2024-11-30,unemp_pressure_失业,3127,0.8340501927191131
2024-12-31,unemp_pressure_失业,3465,1.9117525124606614
2023-01-31,unemp_pressure_裁员,4656,1.199776376145659
2023-02-28,unemp_pressure_裁员,2864,-1.7262220579497485
2023-03-31,unemp_pressure_裁员,3348,-0.9359412308838014
2023-04-30,unemp_pressure_裁员,4338,0.6805422790238177
2023-05-31,unemp_pressure_裁员,3659,-0.42813681514514534
2023-06-30,unemp_pressure_裁员,3438,-0.7889881845285633
2023-07-31,unemp_pressure_裁员,3654,-0.4363008732759919
2023-08-31,unemp_pressure_裁员,3207,-1.1661676701736745
2023-09-30,unemp_pressure_裁员,3582,-0.5538633103601823
2023-10-31,unemp_pressure_裁员,3438,-0.7889881845285633
2023-11-30,unemp_pressure_裁员,3597,-0.5293711359676427
2023-12-31,unemp_pressure_裁员,4953,1.6847214291179446
2024-01-31,unemp_pressure_裁员,5141,1.9916900148377754
2024-02-29,unemp_pressure_裁员,3466,-0.7432694589958226
2024-03-31,unemp_pressure_裁员,3353,-0.9277771727529549
2024-04-30,unemp_pressure_裁员,3994,0.11885507962157427
2024-05-31,unemp_pressure_裁员,3988,0.1090582098645584
2024-06-30,unemp_pressure_裁员,4106,0.30172998175253724
2024-07-31,unemp_pressure_裁员,3574,-0.5669258033695369
2024-08-31,unemp_pressure_裁员,4230,0.504198623397532
2024-09-30,unemp_pressure_裁员,3804,-0.19137912935059506
2024-10-31,unemp_pressure_裁员,4335,0.6756438441453098
2024-11-30,unemp_pressure_裁员,4237,0.5156283047807172
2024-12-31,unemp_pressure_裁员,5147,2.001486884594791
2023-01-31,unemp_pressure_裁员潮,2424,0.6887583511764258
2023-02-28,unemp_pressure_裁员潮,1908,-1.1958159795723258
2023-03-31,unemp_pressure_裁员潮,1908,-1.1958159795723258
2023-04-30,unemp_pressure_裁员潮,1996,-0.8744157061112985
2023-05-31,unemp_pressure_裁员潮,2037,-0.724672396885138
2023-06-30,unemp_pressure_裁员潮,2175,-0.22065833168489044
2023-07-31,unemp_pressure_裁员潮,2145,-0.3302266067284225
2023-08-31,unemp_pressure_裁员潮,2398,0.5937991794720313
2023-09-30,unemp_pressure_裁员潮,1900,-1.2250341862506011
2023-10-31,unemp_pressure_裁员潮,1934,-1.1008568078679315
2023-11-30,unemp_pressure_裁员潮,2078,-0.5749290876589774
2023-12-31,unemp_pressure_裁员潮,2509,0.9992017971331
2024-01-31,unemp_pressure_裁员潮,2357,0.4440558702458708
2024-02-29,unemp_pressure_裁员潮,2147,-0.3229220550588537
2024-03-31,unemp_pressure_裁员潮,2102,-0.4872744676241518
2024-04-30,unemp_pressure_裁员潮,2415,0.6558878686633661
2024-05-31,unemp_pressure_裁员潮,2006,-0.8378929477634545
2024-06-30,unemp_pressure_裁员潮,2411,0.6412787653242286
2024-07-31,unemp_pressure_裁员潮,2544,1.1270314513505542
2024-08-31,unemp_pressure_裁员潮,2237,0.005782770071742524
2024-09-30,unemp_pressure_裁员潮,2069,-0.6077995701720371
2024-10-31,unemp_pressure_裁员潮,2434,0.7252811095242698
2024-11-30,unemp_pressure_裁员潮,2465,0.8385016604025862
2024-12-31,unemp_pressure_裁员潮,3051,2.978735299586246
2023-01-31,unemp_pressure_被裁,5191,2.1609380028699707
2023-02-28,unemp_pressure_被裁,3583,-0.9277627158988409
2023-03-31,unemp_pressure_被裁,2833,-2.3683880511454882
2023-04-30,unemp_pressure_被裁,4308,0.46484177483958483
2023-05-31,unemp_pressure_被裁,3140,-1.778692080584527
2023-06-30,unemp_pressure_被裁,4335,0.5167042869084641
2023-07-31,unemp_pressure_被裁,3695,-0.7126293325020081
2023-08-31,unemp_pressure_被裁,3741,-0.6242709786068804
2023-09-30,unemp_pressure_被裁,3867,-0.38224592228544374
2023-10-31,unemp_pressure_被裁,3720,-0.6646084879937866
2023-11-30,unemp_pressure_被裁,4016,-0.09604168901644315
2023-12-31,unemp_pressure_被裁,4774,1.359950316472835
2024-01-31,unemp_pressure_被裁,4438,0.714550166282337
2024-02-29,unemp_pressure_被裁,4030,-0.06915001609183907
2024-03-31,unemp_pressure_被裁,4021,-0.08643752011479883
2024-04-30,unemp_pressure_被裁,3972,-0.18055837535091313
2024-05-31,unemp_pressure_被裁,4392,0.6261918123872093
2024-06-30,unemp_pressure_被裁,4177,0.2132125496165038
2024-07-31,unemp_pressure_被裁,4231,0.3169375737542624
2024-08-31,unemp_pressure_被裁,4142,0.1459833673049936
2024-09-30,unemp_pressure_被裁,3804,-0.5032584504461621
2024-10-31,unemp_pressure_被裁,3938,-0.24586672388209446
2024-11-30,unemp_pressure_被裁,4216,0.28812506704932944
2024-12-31,unemp_pressure_被裁,5020,1.8324754264337353
2023-01-31,unemp_pressure_优化,1320,0.8516685664429033
2023-02-28,unemp_pressure_优化,1022,-0.7065646357058929
2023-03-31,unemp_pressure_优化,1052,-0.5496955213956114
2023-04-30,unemp_pressure_优化,1076,-0.42420022994738626
2023-05-31,unemp_pressure_优化,885,-1.4229335910561784
2023-06-30,unemp_pressure_优化,1170,0.06732299489149582
2023-07-31,unemp_pressure_优化,1152,-0.02679847369467309
2023-08-31,unemp_pressure_优化,1048,-0.570611403303649
2023-09-30,unemp_pressure_优化,845,-1.632092410136554
2023-10-31,unemp_pressure_优化,1124,-0.17320964705093583
2023-11-30,unemp_pressure_优化,1183,0.1352996110926178
2023-12-31,unemp_pressure_优化,1571,2.1641401561722584
2024-01-31,unemp_pressure_优化,1420,1.3745656141438416
2024-02-29,unemp_pressure_优化,1162,0.025491231075420746
2024-03-31,unemp_pressure_优化,1249,0.4804116625752371
2024-04-30,unemp_pressure_优化,911,-1.2869803586539346
2024-05-31,unemp_pressure_优化,954,-1.062134628142531
2024-06-30,unemp_pressure_优化,1211,0.28171078444888054
2024-07-31,unemp_pressure_优化,1246,0.46472475114420897
2024-08-31,unemp_pressure_优化,1057,-0.5235506690105646
2024-09-30,unemp_pressure_优化,995,-0.8477468385851463
2024-10-31,unemp_pressure_优化,1335,0.9301031235980441
2024-11-30,unemp_pressure_优化,1227,0.36537431208103066
2024-12-31,unemp_pressure_优化,1556,2.085705599017118
2023-01-31,unemp_pressure_失业金,4255,0.35005665779477174
2023-02-28,unemp_pressure_失业金,3882,-0.4696417990660181
2023-03-31,unemp_pressure_失业金,3780,-0.693795264481033
2023-04-30,unemp_pressure_失业金,3267,-1.8211553405389023
2023-05-31,unemp_pressure_失业金,3782,-0.6894000984925033
2023-06-30,unemp_pressure_失业金,4360,0.5808028721925812
2023-07-31,unemp_pressure_失业金,3555,-1.1882514381906248
2023-08-31,unemp_pressure_失业金,4019,-0.16857292885173336
2023-09-30,unemp_pressure_失业金,3608,-1.0717795394945877
2023-10-31,unemp_pressure_失业金,4048,-0.10484302201805265
2023-11-30,unemp_pressure_失业金,3512,-1.2827475069440135
2023-12-31,unemp_pressure_失业金,4692,1.310400426288512
2024-01-31,unemp_pressure_失业金,4973,1.9279212476769356
2024-02-29,unemp_pressure_失业金,4288,0.42257689660551184
2024-03-31,unemp_pressure_失业金,4348,0.554431876261403
2024-04-30,unemp_pressure_失业金,3784,-0.6850049325039737
2024-05-31,unemp_pressure_失业金,4277,0.3984034836685985
2024-06-30,unemp_pressure_失业金,4250,0.33906874282344746
2024-07-31,unemp_pressure_失业金,4569,1.0400977179939352
2024-08-31,unemp_pressure_失业金,3901,-0.42788772217498594
2024-09-30,unemp_pressure_失业金,3853,-0.5333717058996988
2024-10-31,unemp_pressure_失业金,4548,0.9939484751143735
2024-11-30,unemp_pressure_失业金,3741,-0.7795010012573622
2024-12-31,unemp_pressure_失业金,5005,1.9982439034934107
2023-01-31,unemp_pressure_失业保险,4827,0.8633486356088722
2023-02-28,unemp_pressure_失业保险,3675,-1.0799765355475297
2023-03-31,unemp_pressure_失业保险,4182,-0.22471103053338407
2023-04-30,unemp_pressure_失业保险,3554,-1.2840931550873949
2023-05-31,unemp_pressure_失业保险,4495,0.30329311753254806
2023-06-30,unemp_pressure_失业保险,4123,-0.32423896898670673
2023-07-31,unemp_pressure_失业保险,3664,-1.0985325918693356
2023-08-31,unemp_pressure_失业保险,3979,-0.567154615381257
2023-09-30,unemp_pressure_失业保险,3911,-0.681864781734239
2023-10-31,unemp_pressure_失业保险,3523,-1.336387495630666
2023-11-30,unemp_pressure_失业保险,3670,-1.088411106602896
2023-12-31,unemp_pressure_失业保险,5286,1.6376422584915011
2024-01-31,unemp_pressure_失业保险,5237,1.5549834621489111
2024-02-29,unemp_pressure_失业保险,4638,0.544521849716025
2024-03-31,unemp_pressure_失业保险,4177,-0.23314560158875042
2024-04-30,unemp_pressure_失业保险,4292,-0.03915046731532486
2024-05-31,unemp_pressure_失业保险,4080,-0.39677628006285715
2024-06-30,unemp_pressure_失业保险,4370,0.09242884114838985
2024-07-31,unemp_pressure_失业保险,3988,-0.5519723874815976
2024-08-31,unemp_pressure_失业保险,4524,0.35221362965367276
2024-09-30,unemp_pressure_失业保险,4169,-0.24664091527733653
2024-10-31,unemp_pressure_失业保险,4600,0.48041910969524093
2024-11-30,unemp_pressure_失业保险,4656,0.5748863055153438
2024-12-31,unemp_pressure_失业保险,5945,2.7493187235887833
2023-01-31,unemp_pressure_失业补助,3689,-0.9198025091070148
2023-02-28,unemp_pressure_失业补助,3717,-0.8680260569274274
2023-03-31,unemp_pressure_失业补助,3285,-1.6668627476982034
2023-04-30,unemp_pressure_失业补助,3820,-0.6775626792668026
2023-05-31,unemp_pressure_失业补助,3306,-1.6280304085635129
2023-06-30,unemp_pressure_失业补助,3019,-2.158739043404283
2023-07-31,unemp_pressure_失业补助,3951,-0.43532284942659044
2023-08-31,unemp_pressure_失业补助,4109,-0.14315572641320481
2023-09-30,unemp_pressure_失业补助,4049,-0.2541052667980348
2023-10-31,unemp_pressure_失业补助,4752,1.0458535147108898
2023-11-30,unemp_pressure_失业补助,4352,0.3061899121453566
2023-12-31,unemp_pressure_失业补助,5088,1.6671709408659379
2024-01-31,unemp_pressure_失业补助,4899,1.3176798886537233
2024-02-29,unemp_pressure_失业补助,3974,-0.3927921922790723
2024-03-31,unemp_pressure_失业补助,4025,-0.2984850829519668
2024-04-30,unemp_pressure_失业补助,4414,0.4208377705430143
2024-05-31,unemp_pressure_失业补助,4122,-0.11911665932982499
2024-06-30,unemp_pressure_失业补助,4405,0.4041953394852898
2024-07-31,unemp_pressure_失业补助,4498,0.5761671270817763
2024-08-31,unemp_pressure_失业补助,4428,0.446725996632808
2024-09-30,unemp_pressure_失业补助,4244,0.10648073945266266
2024-10-31,unemp_pressure_失业补助,4596,0.7573847097103319
2024-11-30,unemp_pressure_失业补助,4881,1.2843950265382744
2024-12-31,unemp_pressure_失业补助,4851,1.2289202563458594
2023-01-31,unemp_pressure_失业登记,3777,1.5658201905221623
2023-02-28,unemp_pressure_失业登记,3109,-0.03842503535023711
2023-03-31,unemp_pressure_失业登记,2976,-0.3578331416990831
2023-04-30,unemp_pressure_失业登记,2499,-1.503379508078027
2023-05-31,unemp_pressure_失业登记,2835,-0.6964537657230476
2023-06-30,unemp_pressure_失业登记,3185,0.14409388256338918
2023-07-31,unemp_pressure_失业登记,2818,-0.7372803657826745
2023-08-31,unemp_pressure_失业登记,2979,-0.35062844757091366
2023-09-30,unemp_pressure_失业登记,2517,-1.4601513433090103
2023-10-31,unemp_pressure_失业登记,2843,-0.6772412480479291
2023-11-30,unemp_pressure_失业登记,3116,-0.021614082384508376
2023-12-31,unemp_pressure_失业登记,3942,1.9620783675714824
2024-01-31,unemp_pressure_失业登记,3635,1.2247980017888078
2024-02-29,unemp_pressure_失业登记,2819,-0.7348788010732847
2024-03-31,unemp_pressure_失业登记,3316,0.4586988594934555
2024-04-30,unemp_pressure_失业登记,2466,-1.582631143487891
2024-05-31,unemp_pressure_失业登记,3195,0.16810952965728737
2024-06-30,unemp_pressure_失业登记,2938,-0.44909260065589623
2024-07-31,unemp_pressure_失业登记,3410,0.6844459421760986
2024-08-31,unemp_pressure_失业登记,3166,0.09846415308498259
2024-09-30,unemp_pressure_失业登记,2977,-0.3554315769896933
2024-10-31,unemp_pressure_失业登记,3060,-0.15610170611033827
2024-11-30,unemp_pressure_失业登记,3421,0.7108631539793866
2024-12-31,unemp_pressure_失业登记,4001,2.1037706854254816
2023-01-31,unemp_pressure_再就业,5572,2.057432646415067
2023-02-28,unemp_pressure_再就业,3425,-1.4508035428855575
2023-03-31,unemp_pressure_再就业,3249,-1.7383906734476953
2023-04-30,unemp_pressure_再就业,4254,-0.09620279722639696
2023-05-31,unemp_pressure_再就业,3733,-0.9475260644018163
2023-06-30,unemp_pressure_再就业,4030,-0.46222278157820873
2023-07-31,unemp_pressure_再就业,3882,-0.7040574140963701
2023-08-31,unemp_pressure_再就业,4086,-0.3707177854902558
2023-09-30,unemp_pressure_再就业,3585,-1.1893606969199777
2023-10-31,unemp_pressure_再就业,5227,1.4936965098017854
2023-11-30,unemp_pressure_再就业,4009,-0.49653715511119106
2023-12-31,unemp_pressure_再就业,5213,1.4708202607797973
2024-01-31,unemp_pressure_再就业,4961,1.0590477783840089
2024-02-29,unemp_pressure_再就业,4266,-0.07659458377897847
2024-03-31,unemp_pressure_再就业,4440,0.20772451120858962
2024-04-30,unemp_pressure_再就业,4419,0.17341013767560726
2024-05-31,unemp_pressure_再就业,4253,-0.09783681501368183
2024-06-30,unemp_pressure_再就业,4037,-0.4507846570672146
2024-07-31,unemp_pressure_再就业,4564,0.410342716831914
2024-08-31,unemp_pressure_再就业,4326,0.021446483458113973
2024-09-30,unemp_pressure_再就业,3956,-0.5831400978372894
2024-10-31,unemp_pressure_再就业,4157,-0.2547025225930297
2024-11-30,unemp_pressure_再就业,4353,0.06556496371480557
2024-12-31,unemp_pressure_再就业,5512,1.9593915791779746
2023-01-31,unemp_pressure_低门槛工作,3772,0.43098625711419936
2023-02-28,unemp_pressure_低门槛工作,3040,-1.3721970162800012
2023-03-31,unemp_pressure_低门槛工作,3605,0.01960428080705253
2023-04-30,unemp_pressure_低门槛工作,3657,0.1476992674416132
2023-05-31,unemp_pressure_低门槛工作,3284,-0.771135925148601
2023-06-30,unemp_pressure_低门槛工作,2974,-1.5347791147007896
2023-07-31,unemp_pressure_低门槛工作,3427,-0.41887471190355907
2023-08-31,unemp_pressure_低门槛工作,3164,-1.0667397404591257
2023-09-30,unemp_pressure_低门槛工作,2889,-1.7441651505457447
2023-10-31,unemp_pressure_低门槛工作,2860,-1.815602739245788
2023-11-30,unemp_pressure_低门槛工作,3629,0.07872504386915746
2023-12-31,unemp_pressure_低门槛工作,3900,0.7462969934454257
2024-01-31,unemp_pressure_低门槛工作,4096,1.229116558452616
2024-02-29,unemp_pressure_低门槛工作,3303,-0.7243319877244345
2024-03-31,unemp_pressure_低门槛工作,3924,0.8054177565075307
2024-04-30,unemp_pressure_低门槛工作,4109,1.2611403051112562
2024-05-31,unemp_pressure_低门槛工作,4073,1.1724591605180987
2024-06-30,unemp_pressure_低门槛工作,3819,0.5467644181108215
2024-07-31,unemp_pressure_低门槛工作,3809,0.5221307668349445
2024-08-31,unemp_pressure_低门槛工作,3417,-0.44350836317943615
2024-09-30,unemp_pressure_低门槛工作,3559,-0.09371051506198193
2024-10-31,unemp_pressure_低门槛工作,3991,0.9704632200559069
2024-11-30,unemp_pressure_低门槛工作,3866,0.6625425791074437
2024-12-31,unemp_pressure_低门槛工作,4162,1.3916986568734047
2023-01-31,unemp_pressure_临时工,3668,0.4246984621625622
2023-02-28,unemp_pressure_临时工,3018,-0.9008909755597208
2023-03-31,unemp_pressure_临时工,3512,0.10655699710921428
2023-04-30,unemp_pressure_临时工,2765,-1.4168511720885477
2023-05-31,unemp_pressure_临时工,3392,-0.13816720677797642
2023-06-30,unemp_pressure_临时工,2780,-1.386260646602649
2023-07-31,unemp_pressure_临时工,3123,-0.6867572971584289
2023-08-31,unemp_pressure_临时工,3099,-0.735702137935867
2023-09-30,unemp_pressure_临时工,3097,-0.7397808746673202
2023-10-31,unemp_pressure_临时工,3615,0.31661193877905297
2023-11-30,unemp_pressure_临时工,3592,0.2697064663673414
2023-12-31,unemp_pressure_临时工,4319,1.7523272682505717
2024-01-31,unemp_pressure_临时工,4109,1.324059911447988
2024-02-29,unemp_pressure_临时工,2785,-1.376063804774016
2024-03-31,unemp_pressure_临时工,3506,0.09432078691485475
2024-04-30,unemp_pressure_临时工,3319,-0.2870410974760174
2024-05-31,unemp_pressure_临时工,3130,-0.6724817185983427
2024-06-30,unemp_pressure_临时工,3448,-0.023962578297287422
2024-07-31,unemp_pressure_临时工,3469,0.01886415738297095
2024-08-31,unemp_pressure_临时工,3381,-0.1606002588009689
2024-09-30,unemp_pressure_临时工,3584,0.2533915194415287
2024-10-31,unemp_pressure_临时工,4171,1.4505007501230365
2024-11-30,unemp_pressure_临时工,3409,-0.1034979445606244
2024-12-31,unemp_pressure_临时工,4743,2.6170194553186454
2023-01-31,unemp_pressure_兼职,4343,1.3918760934911265
2023-02-28,unemp_pressure_兼职,3233,-0.7264728056521323
2023-03-31,unemp_pressure_兼职,3596,-0.03371546295933686
2023-04-30,unemp_pressure_兼职,3324,-0.5528063643710183
2023-05-31,unemp_pressure_兼职,3095,-0.9898351012212943
2023-06-30,unemp_pressure_兼职,3979,0.6972103283666704
2023-07-31,unemp_pressure_兼职,3284,-0.629143261637442
2023-08-31,unemp_pressure_兼职,2877,-1.4058711913233035
2023-09-30,unemp_pressure_兼职,3328,-0.5451726746443759
2023-10-31,unemp_pressure_兼职,3788,0.3327016439194971
2023-11-30,unemp_pressure_兼职,3023,-1.127241516300857
2023-12-31,unemp_pressure_兼职,4584,1.8518058995213296
2024-01-31,unemp_pressure_兼职,4452,1.5998941385421312
2024-02-29,unemp_pressure_兼职,3401,-0.4058578371331526
2024-03-31,unemp_pressure_兼职,3057,-1.0623551536243967
2024-04-30,unemp_pressure_兼职,3592,-0.04134915268597924
2024-05-31,unemp_pressure_兼职,3699,0.16285204750170426
2024-06-30,unemp_pressure_兼职,3503,-0.21119874910377207
2024-07-31,unemp_pressure_兼职,2885,-1.3906038118700188
2024-08-31,unemp_pressure_兼职,3834,0.4204890757758844
2024-09-30,unemp_pressure_兼职,3421,-0.3676893884999407
2024-10-31,unemp_pressure_兼职,4285,1.281187592454812
2024-11-30,unemp_pressure_兼职,3557,-0.1081439377941
2024-12-31,unemp_pressure_兼职,4588,1.8594395892479718
2023-01-31,unemp_pressure_蓝领招聘,6224,1.6810203063297537
2023-02-28,unemp_pressure_蓝领招聘,3874,-1.4137910296257916
2023-03-31,unemp_pressure_蓝领招聘,4181,-1.0094901444605353
2023-04-30,unemp_pressure_蓝领招聘,5147,0.2626748557662974
2023-05-31,unemp_pressure_蓝领招聘,4368,-0.7632221785781154
2023-06-30,unemp_pressure_蓝领招聘,4516,-0.5683149114626171
2023-07-31,unemp_pressure_蓝领招聘,4655,-0.3852601132933317
2023-08-31,unemp_pressure_蓝领招聘,4943,-0.005981107014524414
2023-09-30,unemp_pressure_蓝领招聘,4578,-0.4866645698331517
2023-10-31,unemp_pressure_蓝领招聘,3883,-1.401938560679579
2023-11-30,unemp_pressure_蓝领招聘,4667,-0.36945682136504804
2023-12-31,unemp_pressure_蓝领招聘,6213,1.6665339553954939
2024-01-31,unemp_pressure_蓝领招聘,4862,-0.11265332753043895
2024-02-29,unemp_pressure_蓝领招聘,5378,0.5668882253857574
2024-03-31,unemp_pressure_蓝领招聘,4778,-0.2232763710284244
2024-04-30,unemp_pressure_蓝领招聘,4186,-1.002905439490417
2024-05-31,unemp_pressure_蓝领招聘,4743,-0.26936930581925167
2024-06-30,unemp_pressure_蓝领招聘,5738,1.0409869832342664
2024-07-31,unemp_pressure_蓝领招聘,5362,0.5458171694813793
2024-08-31,unemp_pressure_蓝领招聘,5126,0.23501909489180103
2024-09-30,unemp_pressure_蓝领招聘,5048,0.1322976973579574
2024-10-31,unemp_pressure_蓝领招聘,4179,-1.0121240264485827
2024-11-30,unemp_pressure_蓝领招聘,5149,0.26530873775434466
2024-12-31,unemp_pressure_蓝领招聘,6943,2.6279008810327484
2023-01-31,struc_pressure_35岁就业,5139,1.2729548546182314
2023-02-28,struc_pressure_35岁就业,3389,-1.5579306634356551
2023-03-31,struc_pressure_35岁就业,3717,-1.0273418349089838
2023-04-30,struc_pressure_35岁就业,3488,-1.3977834255571782
2023-05-31,struc_pressure_35岁就业,3438,-1.4786658689301464
2023-06-30,struc_pressure_35岁就业,3773,-0.9367534983312594
2023-07-31,struc_pressure_35岁就业,3194,-1.8733721925902311
2023-08-31,struc_pressure_35岁就业,4694,0.5531011085988147
2023-09-30,struc_pressure_35岁就业,4509,0.2538360681188323
2023-10-31,struc_pressure_35岁就业,4408,0.09045353250543658
2023-11-30,struc_pressure_35岁就业,5025,1.0885428837278641
2023-12-31,struc_pressure_35岁就业,5495,1.8488378514337651
2024-01-31,struc_pressure_35岁就业,4388,0.05810055515624931
2024-02-29,struc_pressure_35岁就业,4225,-0.205576210239627
2024-03-31,struc_pressure_35岁就业,4060,-0.47248827337042204
2024-04-30,struc_pressure_35岁就业,4794,0.714865995344751
2024-05-31,struc_pressure_35岁就业,4289,-0.10204668272222771
2024-06-30,struc_pressure_35岁就业,4205,-0.23792918758881426
2024-07-31,struc_pressure_35岁就业,4344,-0.0130759950119627
2024-08-31,struc_pressure_35岁就业,4774,0.6825130179955637
2024-09-30,struc_pressure_35岁就业,4263,-0.14410555327617117
2024-10-31,struc_pressure_35岁就业,4693,0.5514834597313553
2024-11-30,struc_pressure_35岁就业,4997,1.0432487154390018
2024-12-31,struc_pressure_35岁就业,5149,1.289131343292825
2023-01-31,struc_pressure_35岁找工作,4420,1.3161623708230596
2023-02-28,struc_pressure_35岁找工作,3548,-0.3560478098826826
2023-03-31,struc_pressure_35岁找工作,3071,-1.270777461484333
2023-04-30,struc_pressure_35岁找工作,3726,-0.01470215372944622
2023-05-31,struc_pressure_35岁找工作,3062,-1.2880365115145527
2023-06-30,struc_pressure_35岁找工作,3379,-0.6801344160056991
2023-07-31,struc_pressure_35岁找工作,3187,-1.0483274833170553
2023-08-31,struc_pressure_35岁找工作,3330,-0.7741003550591181
2023-09-30,struc_pressure_35岁找工作,3636,-0.18729265403164438
2023-10-31,struc_pressure_35岁找工作,3931,0.3784206525144496
2023-11-30,struc_pressure_35岁找工作,3149,-1.1211990278890944
2023-12-31,struc_pressure_35岁找工作,4259,1.007417142504683
2024-01-31,struc_pressure_35岁找工作,4613,1.6862731103599957
2024-02-29,struc_pressure_35岁找工作,3576,-0.3023529875664432
2024-03-31,struc_pressure_35岁找工作,3727,-0.01278448150386624
2024-04-30,struc_pressure_35岁找工作,3424,-0.5938391658546001
2024-05-31,struc_pressure_35岁找工作,3501,-0.44617840448494167
2024-06-30,struc_pressure_35岁找工作,3380,-0.6782167437801192
2024-07-31,struc_pressure_35岁找工作,3883,0.2863723856866106
2024-08-31,struc_pressure_35岁找工作,3586,-0.2831762653106434
2024-09-30,struc_pressure_35岁找工作,4005,0.5203283972073681
2024-10-31,struc_pressure_35岁找工作,4050,0.6066236473584672
2024-11-30,struc_pressure_35岁找工作,3922,0.3611616024842298
2024-12-31,struc_pressure_35岁找工作,5243,2.894406612475383
2023-01-31,struc_pressure_中年就业,5668,1.734331108672235
2023-02-28,struc_pressure_中年就业,4260,-0.6741888775297198
2023-03-31,struc_pressure_中年就业,4340,-0.5373411510409724
2023-04-30,struc_pressure_中年就业,3897,-1.2951354364724113
2023-05-31,struc_pressure_中年就业,3958,-1.1907890450247414
2023-06-30,struc_pressure_中年就业,4501,-0.26193510148236815
2023-07-31,struc_pressure_中年就业,4143,-0.8743286775195128
2023-08-31,struc_pressure_中年就业,4415,-0.4090464074577716
2023-09-30,struc_pressure_中年就业,4596,-0.09942842627698055
2023-10-31,struc_pressure_中年就业,4337,-0.5424729407843003
2023-11-30,struc_pressure_中年就业,4920,0.4548048660024465
2023-12-31,struc_pressure_中年就业,4930,0.47191083181353993
2024-01-31,struc_pressure_中年就业,5867,2.0747398283129943
2024-02-29,struc_pressure_中年就业,4537,-0.20035362456243178
2024-03-31,struc_pressure_中年就业,4247,-0.6964266330841412
2024-04-30,struc_pressure_中年就业,4866,0.36243265062254204
2024-05-31,struc_pressure_中年就业,4193,-0.7887988484640457
2024-06-30,struc_pressure_中年就业,4182,-0.8076154108562484
2024-07-31,struc_pressure_中年就业,4351,-0.5185245886487696
2024-08-31,struc_pressure_中年就业,4772,0.2016365719982638
2024-09-30,struc_pressure_中年就业,5166,0.8756116249553448
2024-10-31,struc_pressure_中年就业,4643,-0.01903038696484144
2024-11-30,struc_pressure_中年就业,4698,0.07505242499617241
2024-12-31,struc_pressure_中年就业,6212,2.6648956487957176
2023-01-31,struc_pressure_蓝领招聘,3400,0.4224360741028996
2023-02-28,struc_pressure_蓝领招聘,2967,-0.8190672296520008
2023-03-31,struc_pressure_蓝领招聘,2852,-1.1487967445060738
2023-04-30,struc_pressure_蓝领招聘,2912,-0.976763954147427
2023-05-31,struc_pressure_蓝领招聘,2975,-0.7961295242708479
2023-06-30,struc_pressure_蓝领招聘,2862,-1.1201246127796327
2023-07-31,struc_pressure_蓝领招聘,3219,-0.09652951014568467
2023-08-31,struc_pressure_蓝领招聘,2970,-0.8104655901340685
2023-09-30,struc_pressure_蓝领招聘,2998,-0.7301836213000333
2023-10-31,struc_pressure_蓝领招聘,3432,0.5141868956275112
2023-11-30,struc_pressure_蓝领招聘,2915,-0.9681623146294946
2023-12-31,struc_pressure_蓝领招聘,3926,1.9305902029137025
2024-01-31,struc_pressure_蓝领招聘,3950,1.9994033190571612
2024-02-29,struc_pressure_蓝领招聘,3449,0.5629295195624611
2024-03-31,struc_pressure_蓝领招聘,3419,0.4769131243831377
2024-04-30,struc_pressure_蓝领招聘,2819,-1.2434147792033294
2024-05-31,struc_pressure_蓝领招聘,2907,-0.9911000200106476
2024-06-30,struc_pressure_蓝领招聘,3195,-0.16534262628914334
2024-07-31,struc_pressure_蓝领招聘,3229,-0.06785737841924355
2024-08-31,struc_pressure_蓝领招聘,3745,1.4116246186651182
2024-09-30,struc_pressure_蓝领招聘,3425,0.49411640341900237
2024-10-31,struc_pressure_蓝领招聘,3265,0.03536229579594448
2024-11-30,struc_pressure_蓝领招聘,3472,0.6288754225332757
2024-12-31,struc_pressure_蓝领招聘,3761,1.457500029427424
2023-01-31,struc_pressure_低学历就业,5658,0.8488240299673933
2023-02-28,struc_pressure_低学历就业,5283,0.19341769248399118
2023-03-31,struc_pressure_低学历就业,4188,-1.720368812967543
2023-04-30,struc_pressure_低学历就业,4485,-1.2012869936806885
2023-05-31,struc_pressure_低学历就业,4840,-0.5808356608630678
2023-06-30,struc_pressure_低学历就业,4661,-0.8936829526218117
2023-07-31,struc_pressure_低学历就业,4210,-1.6819183078351834
2023-08-31,struc_pressure_低学历就业,5291,0.20739969435030378
2023-09-30,struc_pressure_低学历就业,4803,-0.6455024194947635
2023-10-31,struc_pressure_低学历就业,4484,-1.2030347439139775
2023-11-30,struc_pressure_低学历就业,5161,-0.01980783597727562
2023-12-31,struc_pressure_低学历就业,5936,1.3346985948217553
2024-01-31,struc_pressure_低学历就业,5496,0.5656884921745636
2024-02-29,struc_pressure_低学历就业,5546,0.6530760038390172
2024-03-31,struc_pressure_低学历就业,5544,0.649580503372439
2024-04-30,struc_pressure_低学历就业,4535,-1.113899482016235
2024-05-31,struc_pressure_低学历就业,6083,1.5916178791152489
2024-06-30,struc_pressure_低学历就业,5512,0.5936524959071887
2024-07-31,struc_pressure_低学历就业,5126,-0.08097909414239315
2024-08-31,struc_pressure_低学历就业,5026,-0.2557541174713004
2024-09-30,struc_pressure_低学历就业,5002,-0.29770012307023813
2024-10-31,struc_pressure_低学历就业,5291,0.20739969435030378
2024-11-30,struc_pressure_低学历就业,5667,0.864553782066995
2024-12-31,struc_pressure_低学历就业,6308,1.9848616816052902
2023-01-31,struc_pressure_外卖骑手,2507,0.7912529063301041
2023-02-28,struc_pressure_外卖骑手,1893,-0.9325647796072714
2023-03-31,struc_pressure_外卖骑手,1961,-0.7416533746500377
2023-04-30,struc_pressure_外卖骑手,1915,-0.870799325062284
2023-05-31,struc_pressure_外卖骑手,1711,-1.4435335399339853
2023-06-30,struc_pressure_外卖骑手,1794,-1.2105093250597148
2023-07-31,struc_pressure_外卖骑手,2000,-0.6321600688657418
2023-08-31,struc_pressure_外卖骑手,2000,-0.6321600688657418
2023-09-30,struc_pressure_外卖骑手,1778,-1.2554296556378872
2023-10-31,struc_pressure_外卖骑手,2235,0.027607286501169035
2023-11-30,struc_pressure_外卖骑手,2292,0.1876359641859091
2023-12-31,struc_pressure_外卖骑手,2912,1.9282987740900994
2024-01-31,struc_pressure_外卖骑手,2772,1.5352458815310885
2024-02-29,struc_pressure_外卖骑手,2391,0.4655805096383524
2024-03-31,struc_pressure_外卖骑手,2120,-0.2952575895294469
2024-04-30,struc_pressure_外卖骑手,1963,-0.736038333327766
2024-05-31,struc_pressure_外卖骑手,2046,-0.5030141184534954
2024-06-30,struc_pressure_外卖骑手,2687,1.2966066253345465
2024-07-31,struc_pressure_外卖骑手,2171,-0.15207403581152157
2024-08-31,struc_pressure_外卖骑手,2064,-0.4524787465530512
2024-09-30,struc_pressure_外卖骑手,2295,0.1960585261693165
2024-10-31,struc_pressure_外卖骑手,2525,0.8417882782305484
2024-11-30,struc_pressure_外卖骑手,2427,0.5666512534392408
2024-12-31,struc_pressure_外卖骑手,2945,2.0209469559075806
2023-01-31,struc_pressure_快递员,1778,1.0772007290860492
2023-02-28,struc_pressure_快递员,1250,-1.4595559404880858
2023-03-31,struc_pressure_快递员,1349,-0.9839140649429355
2023-04-30,struc_pressure_快递员,1477,-0.36894275110678154
2023-05-31,struc_pressure_快递员,1292,-1.2577684781355978
2023-06-30,struc_pressure_快递员,1303,-1.2049193808528034
2023-07-31,struc_pressure_快递员,1572,0.08748127088098899
2023-08-31,struc_pressure_快递员,1497,-0.2728534833198825
2023-09-30,struc_pressure_快递员,1565,0.05385002715557432
2023-10-31,struc_pressure_快递员,1375,-0.8589980168199668
2023-11-30,struc_pressure_快递员,1322,-1.1136345764552493
2023-12-31,struc_pressure_快递员,1820,1.2789881914385373
2024-01-31,struc_pressure_快递员,1812,1.2405524843237776
2024-02-29,struc_pressure_快递员,1339,-1.0319586988363851
2024-03-31,struc_pressure_快递员,1469,-0.4073784582215412
2024-04-30,struc_pressure_快递员,1839,1.3702729958360915
2024-05-31,struc_pressure_快递员,1622,0.32770444034823665
2024-06-30,struc_pressure_快递员,1549,-0.02302138707394493
2024-07-31,struc_pressure_快递员,1611,0.2748553430654422
2024-08-31,struc_pressure_快递员,1540,-0.06626155757804951
2024-09-30,struc_pressure_快递员,1627,0.3517267572949614
2024-10-31,struc_pressure_快递员,1567,0.06345895393426422
2024-11-30,struc_pressure_快递员,1619,0.31329105018020176
2024-12-31,struc_pressure_快递员,2097,2.6098245502870894
2023-01-31,struc_pressure_送外卖,5504,0.2987237868705782
2023-02-28,struc_pressure_送外卖,4482,-1.1761347164228078
2023-03-31,struc_pressure_送外卖,4252,-1.5080500351678947
2023-04-30,struc_pressure_送外卖,4429,-1.252619550742328
2023-05-31,struc_pressure_送外卖,5138,-0.22945450295856007
2023-06-30,struc_pressure_送外卖,4807,-0.7071239399351851
2023-07-31,struc_pressure_送外卖,4912,-0.5555973813776455
2023-08-31,struc_pressure_送外卖,5677,0.5483818309701436
2023-09-30,struc_pressure_送外卖,5049,-0.3578913002120937
2023-10-31,struc_pressure_送外卖,4454,-1.2165417987048184
2023-11-30,struc_pressure_送外卖,4695,-0.8687522690632274
2023-12-31,struc_pressure_送外卖,6486,1.7158578869039491
2024-01-31,struc_pressure_送外卖,5802,0.7287705911576907
2024-02-29,struc_pressure_送外卖,5663,0.5281782898291383
2024-03-31,struc_pressure_送外卖,4833,-0.6696030778161752
2024-04-30,struc_pressure_送外卖,4677,-0.8947282505302342
2024-05-31,struc_pressure_送外卖,5334,0.05339507301551397
2024-06-30,struc_pressure_送外卖,6105,1.166032945852305
2024-07-31,struc_pressure_送外卖,5560,0.37953795143459934
2024-08-31,struc_pressure_送外卖,5932,0.9163749017527398
2024-09-30,struc_pressure_送外卖,5503,0.2972806767890778
2024-10-31,struc_pressure_送外卖,5287,-0.014431100815003777
2024-11-30,struc_pressure_送外卖,5461,0.23667005336606195
2024-12-31,struc_pressure_送外卖,7086,2.5817239358041757
2023-01-31,struc_pressure_兼职,2542,1.3945748489524672
2023-02-28,struc_pressure_兼职,1955,-0.8502572433741286
2023-03-31,struc_pressure_兼职,2008,-0.6475722333344189
2023-04-30,struc_pressure_兼职,1549,-2.4029009051877535
2023-05-31,struc_pressure_兼职,2065,-0.4295902414049198
2023-06-30,struc_pressure_兼职,2357,0.687089436549707
2023-07-31,struc_pressure_兼职,2272,0.3620285713916821
2023-08-31,struc_pressure_兼职,2280,0.3926225351712609
2023-09-30,struc_pressure_兼职,2241,0.24347696174581418
2023-10-31,struc_pressure_兼职,1821,-1.3627061366820739
2023-11-30,struc_pressure_兼职,2062,-0.4410629778222619
2023-12-31,struc_pressure_兼职,2325,0.5647135814313917
2024-01-31,struc_pressure_兼职,2608,1.6469750501339924
2024-02-29,struc_pressure_兼职,1981,-0.7508268610904975
2024-03-31,struc_pressure_兼职,2168,-0.035692957742842535
2024-04-30,struc_pressure_兼职,2312,0.5149983902895762
2024-05-31,struc_pressure_兼职,1968,-0.800542052232313
2024-06-30,struc_pressure_兼职,2013,-0.6284510059721822
2024-07-31,struc_pressure_兼职,2176,-0.005098993963263716
2024-08-31,struc_pressure_兼职,2478,1.1498231387158366
2024-09-30,struc_pressure_兼职,1931,-0.942039134712865
2024-10-31,struc_pressure_兼职,2345,0.6411984908803388
2024-11-30,struc_pressure_兼职,2130,-0.1810142856958419
2024-12-31,struc_pressure_兼职,2669,1.880254023953281
2023-01-31,struc_pressure_临时工,4243,-0.12278169211573026
2023-02-28,struc_pressure_临时工,3835,-0.9473895996584125
2023-03-31,struc_pressure_临时工,3325,-1.9781494840867653
2023-04-30,struc_pressure_临时工,4737,0.8756406273109487
2023-05-31,struc_pressure_临时工,4102,-0.40775648369298073
2023-06-30,struc_pressure_临时工,4160,-0.29053281056191316
2023-07-31,struc_pressure_临时工,4243,-0.12278169211573026
2023-08-31,struc_pressure_临时工,3925,-0.7654907965239973
2023-09-30,struc_pressure_临时工,3577,-1.4688328353104028
2023-10-31,struc_pressure_临时工,3694,-1.232364391235663
2023-11-30,struc_pressure_临时工,4283,-0.041937779611545725
2023-12-31,struc_pressure_临时工,4880,1.1646576145134084
2024-01-31,struc_pressure_临时工,4686,0.7725646388681134
2024-02-29,struc_pressure_临时工,4377,0.14804541477328792
2024-03-31,struc_pressure_临时工,4680,0.7604380519924857
2024-04-30,struc_pressure_临时工,3694,-1.232364391235663
2024-05-31,struc_pressure_临时工,4390,0.1743196863371479
2024-06-30,struc_pressure_临时工,4265,-0.07831754023842877
2024-07-31,struc_pressure_临时工,4503,0.4027037391614692
2024-08-31,struc_pressure_临时工,4332,0.05709601320608033
2024-09-30,struc_pressure_临时工,4485,0.36632397853458615
2024-10-31,struc_pressure_临时工,4433,0.26122689227914625
2024-11-30,struc_pressure_临时工,4787,0.9766955179411794
2024-12-31,struc_pressure_临时工,5654,2.728987321469379
2023-01-31,struc_pressure_底层劳动岗位,2764,0.3080957985691822
2023-02-28,struc_pressure_底层劳动岗位,2322,-1.077943315604645
2023-03-31,struc_pressure_底层劳动岗位,2175,-1.5389110752959405
2023-04-30,struc_pressure_底层劳动岗位,2614,-0.16227946642193566
2023-05-31,struc_pressure_底层劳动岗位,2185,-1.5075527242965328
2023-06-30,struc_pressure_底层劳动岗位,2545,-0.37865208831784986
2023-07-31,struc_pressure_底层劳动岗位,2900,0.734569372161129
2023-08-31,struc_pressure_底层劳动岗位,2785,0.37394833566793867
2023-09-30,struc_pressure_底层劳动岗位,2217,-1.4072060010984275
2023-10-31,struc_pressure_底层劳动岗位,2573,-0.29084870551950787
2023-11-30,struc_pressure_底层劳动岗位,2382,-0.8897932096081979
2023-12-31,struc_pressure_底层劳动岗位,3389,2.267992736032173
2024-01-31,struc_pressure_底层劳动岗位,2900,0.734569372161129
2024-02-29,struc_pressure_底层劳动岗位,2745,0.24851493167030725
2024-03-31,struc_pressure_底层劳动岗位,2906,0.7533843827607737
2024-04-30,struc_pressure_底层劳动岗位,2627,-0.12151361012270544
2024-05-31,struc_pressure_底层劳动岗位,2717,0.16071154887196526
2024-06-30,struc_pressure_底层劳动岗位,2702,0.11367402237285347
2024-07-31,struc_pressure_底层劳动岗位,2701,0.11053818727291269
2024-08-31,struc_pressure_底层劳动岗位,2596,-0.21872449822086978
2024-09-30,struc_pressure_底层劳动岗位,2737,0.22342825087078097
2024-10-31,struc_pressure_底层劳动岗位,2863,0.61854347346332
2024-11-30,struc_pressure_底层劳动岗位,2260,-1.2723650918009737
2024-12-31,struc_pressure_底层劳动岗位,3373,2.2178193744331205
